ds,trend,yhat_lower,yhat_upper,trend_lower,trend_upper,additive_terms,additive_terms_lower,additive_terms_upper,yearly,yearly_lower,yearly_upper,multiplicative_terms,multiplicative_terms_lower,multiplicative_terms_upper,yhat,yhat_gallons,yhat_upper_gallons,yhat_lower_gallons
2005-01-02,12.914185362258909,9.044809594288663,16.392706921920503,12.914185362258909,12.914185362258909,-0.15240106344789373,-0.15240106344789373,-0.15240106344789373,-0.15240106344789373,-0.15240106344789373,-0.15240106344789373,0.0,0.0,0.0,12.761784298811016,348635.21679978527,13160189.006228857,8473.437804436766
2005-01-09,12.912697848400017,9.250569240380578,16.448030384404124,12.912697848400017,12.912697848400017,-0.1598543157050913,-0.1598543157050913,-0.1598543157050913,-0.1598543157050913,-0.1598543157050913,-0.1598543157050913,0.0,0.0,0.0,12.752843532694925,345532.03500872117,13908772.47729544,10409.490101548576
2005-01-16,12.91121033454112,8.865207903536206,16.33421301146548,12.91121033454112,12.91121033454112,-0.1042874736059413,-0.1042874736059413,-0.1042874736059413,-0.1042874736059413,-0.1042874736059413,-0.1042874736059413,0.0,0.0,0.0,12.80692286093518,364732.7305250225,12412479.439527974,7080.265428360273
2005-01-23,12.909722820682228,8.964782109839053,16.416303818206003,12.909722820682228,12.909722820682228,-0.25588784179068275,-0.25588784179068275,-0.25588784179068275,-0.25588784179068275,-0.25588784179068275,-0.25588784179068275,0.0,0.0,0.0,12.653834978891545,312960.3498190936,13474421.52031834,7821.677058784377
2005-01-30,12.908235306823334,8.75239617870484,15.995691448103162,12.908235306823334,12.908235306823334,-0.5906760985304308,-0.5906760985304308,-0.5906760985304308,-0.5906760985304308,-0.5906760985304308,-0.5906760985304308,0.0,0.0,0.0,12.317559208292904,223586.74437934882,8847905.613028465,6324.827775977496
2005-02-06,12.906747792964442,8.638871849435171,16.225024379526637,12.906747792964442,12.906747792964442,-0.7050493882681528,-0.7050493882681528,-0.7050493882681528,-0.7050493882681528,-0.7050493882681528,-0.7050493882681528,0.0,0.0,0.0,12.20169840469629,199126.06244467033,11128548.368882129,5645.955613412347
2005-02-13,12.905260279105548,9.171460001550143,16.518139095617038,12.905260279105548,12.905260279105548,-0.2616050203491912,-0.2616050203491912,-0.2616050203491912,-0.2616050203491912,-0.2616050203491912,-0.2616050203491912,0.0,0.0,0.0,12.643655258756356,309790.65155747964,14918894.1086401,9617.657698561523
2005-02-20,12.903772765246655,9.830257963587874,17.26447537289388,12.903772765246655,12.903772765246655,0.5544433350067361,0.5544433350067361,0.5544433350067361,0.5544433350067361,0.5544433350067361,0.5544433350067361,0.0,0.0,0.0,13.458216100253392,699565.4746608194,31467799.445134155,18586.748568943807
2005-02-27,12.902285251387761,10.45407839992393,17.574900054016165,12.902285251387761,12.902285251387761,1.1494316813601098,1.1494316813601098,1.1494316813601098,1.1494316813601098,1.1494316813601098,1.1494316813601098,0.0,0.0,0.0,14.05171693274787,1266434.6435815222,42922212.79727221,34684.548169697206
2005-03-06,12.900797737528869,10.436704152549568,17.674658178647924,12.900797737528869,12.900797737528869,1.1173087394210819,1.1173087394210819,1.1173087394210819,1.1173087394210819,1.1173087394210819,1.1173087394210819,0.0,0.0,0.0,14.018106476949951,1224576.5397242547,47424909.12319264,34087.11785502617
2005-03-13,12.899310223669973,9.791886960855662,17.20119197438734,12.899310223669973,12.899310223669973,0.6432913393826429,0.6432913393826429,0.6432913393826429,0.6432913393826429,0.6432913393826429,0.6432913393826429,0.0,0.0,0.0,13.542601563052616,761161.0540970612,29538112.615741327,17887.02835072862
2005-03-20,12.89782270981108,9.657951253661054,17.113536465033736,12.89782270981108,12.89782270981108,0.26144301431633094,0.26144301431633094,0.26144301431633094,0.26144301431633094,0.26144301431633094,0.26144301431633094,0.0,0.0,0.0,13.159265724127412,518794.84583094093,27059167.846648525,15644.697744354755
2005-03-27,12.896335195952187,9.498979658630265,17.124835778992153,12.896335195952187,12.896335195952187,0.2712048525590291,0.2712048525590291,0.2712048525590291,0.2712048525590291,0.2712048525590291,0.2712048525590291,0.0,0.0,0.0,13.167540048511215,523105.33956709446,27366651.79827268,13345.102299707029
2005-04-03,12.894847682093294,9.697281665458119,17.227797001317917,12.894847682093294,12.894847682093294,0.49212709041281477,0.49212709041281477,0.49212709041281477,0.49212709041281477,0.49212709041281477,0.49212709041281477,0.0,0.0,0.0,13.38697477250611,651461.2772609768,30334522.196985062,16272.310716333162
2005-04-10,12.8933601682344,9.875601556160353,17.245469841993707,12.8933601682344,12.8933601682344,0.5910141661844444,0.5910141661844444,0.5910141661844444,0.5910141661844444,0.5910141661844444,0.5910141661844444,0.0,0.0,0.0,13.484374334418845,718106.3392496101,30875384.602792777,19448.984578368756
2005-04-17,12.891872654375508,9.93218411077116,16.926650897852785,12.891872654375508,12.891872654375508,0.5241675404905953,0.5241675404905953,0.5241675404905953,0.5241675404905953,0.5241675404905953,0.5241675404905953,0.0,0.0,0.0,13.416040194866103,670674.1663021526,22446625.5954449,20581.245428952083
2005-04-24,12.890385140516614,9.764789458551565,17.220735493350418,12.890385140516614,12.890385140516614,0.5458115512065516,0.5458115512065516,0.5458115512065516,0.5458115512065516,0.5458115512065516,0.5458115512065516,0.0,0.0,0.0,13.436196691723165,684329.79062242,30121069.256542366,17408.81590396558
2005-05-01,12.888897626657721,9.791848067707667,17.2226527883184,12.888897626657721,12.888897626657721,0.8152235907265745,0.8152235907265745,0.8152235907265745,0.8152235907265745,0.8152235907265745,0.8152235907265745,0.0,0.0,0.0,13.704121217384296,894589.3807788077,30178875.63120296,17886.33264252387
2005-05-08,12.887410112798827,10.24794445785353,17.905445556325027,12.887410112798827,12.887410112798827,1.134862216176371,1.134862216176371,1.134862216176371,1.134862216176371,1.134862216176371,1.134862216176371,0.0,0.0,0.0,14.022272328975198,1229688.589175957,59736007.639460154,28223.465672944432
2005-05-15,12.885922598939935,10.132836508350527,17.56308217744381,12.885922598939935,12.885922598939935,1.1578250248328779,1.1578250248328779,1.1578250248328779,1.1578250248328779,1.1578250248328779,1.1578250248328779,0.0,0.0,0.0,14.043747623772813,1256382.1356145223,42417948.90549064,25154.61744774633
2005-05-22,12.884435085081039,10.208335596356873,17.225281454552622,12.884435085081039,12.884435085081039,0.7962241162075513,0.7962241162075513,0.7962241162075513,0.7962241162075513,0.7962241162075513,0.7962241162075513,0.0,0.0,0.0,13.68065920128859,873844.7933784391,30258310.182911836,27127.37742231979
2005-05-29,12.882947571222147,9.724325221335334,16.871497393691683,12.882947571222147,12.882947571222147,0.3214180728077133,0.3214180728077133,0.3214180728077133,0.3214180728077133,0.3214180728077133,0.3214180728077133,0.0,0.0,0.0,13.20436564402986,542728.1350770943,21242136.687437914,16718.40368676176
2005-06-05,12.881460057363253,9.419483390832324,16.729185316727275,12.881460057363253,12.881460057363253,0.05171195230933194,0.05171195230933194,0.05171195230933194,0.05171195230933194,0.05171195230933194,0.05171195230933194,0.0,0.0,0.0,12.933172009672585,413813.0551125248,18424378.469118625,12325.212740092604
2005-06-12,12.87997254350436,9.449651006296506,16.883964178944026,12.87997254350436,12.87997254350436,0.030068239930830926,0.030068239930830926,0.030068239930830926,0.030068239930830926,0.030068239930830926,0.030068239930830926,0.0,0.0,0.0,12.910040783435191,404350.8862612525,21508615.47182578,12702.730967821699
2005-06-19,12.878485029645466,9.11366692665859,16.689643681654754,12.878485029645466,12.878485029645466,0.06579664933009534,0.06579664933009534,0.06579664933009534,0.06579664933009534,0.06579664933009534,0.06579664933009534,0.0,0.0,0.0,12.944281678975562,418436.02470043337,17710064.02939291,9077.52421191851
2005-06-26,12.876997515786574,9.439310263790713,16.45123994606924,12.876997515786574,12.876997515786574,0.02740550403356733,0.02740550403356733,0.02740550403356733,0.02740550403356733,0.02740550403356733,0.02740550403356733,0.0,0.0,0.0,12.90440301982014,402077.65988677065,13953485.25928921,12572.041832924157
2005-07-03,12.875510001927681,9.110130331534512,16.593365460495576,12.875510001927681,12.875510001927681,-0.019409143216397244,-0.019409143216397244,-0.019409143216397244,-0.019409143216397244,-0.019409143216397244,-0.019409143216397244,0.0,0.0,0.0,12.856100858711285,383117.97465532145,16084480.135870272,9045.473855429878
2005-07-10,12.874022488068787,9.383690890129738,16.565205411588007,12.874022488068787,12.874022488068787,0.02364518417301295,0.02364518417301295,0.02364518417301295,0.02364518417301295,0.02364518417301295,0.02364518417301295,0.0,0.0,0.0,12.8976676722418,399378.62004778825,15637858.319955803,11891.82897278359
2005-07-17,12.872534974209895,9.385515270871323,16.76029775240215,12.872534974209895,12.872534974209895,0.09952706227715669,0.09952706227715669,0.09952706227715669,0.09952706227715669,0.09952706227715669,0.09952706227715669,0.0,0.0,0.0,12.972062036487051,430223.3244844413,19006616.242202785,11913.54582480433
2005-07-24,12.871047460350999,9.363353640076058,16.614345690688037,12.871047460350999,12.871047460350999,0.07464628317708433,0.07464628317708433,0.07464628317708433,0.07464628317708433,0.07464628317708433,0.07464628317708433,0.0,0.0,0.0,12.945693743528084,419027.3021531944,16425501.092873514,11652.404406935195
2005-07-31,12.869559946492107,9.103002994119251,16.429175459588325,12.869559946492107,12.869559946492107,-0.030251623246774138,-0.030251623246774138,-0.030251623246774138,-0.030251623246774138,-0.030251623246774138,-0.030251623246774138,0.0,0.0,0.0,12.839308323245332,376738.1523017162,13648980.474907225,8981.225814554151
2005-08-07,12.868072432633213,9.455765191680461,16.66333865687673,12.868072432633213,12.868072432633213,-0.01751227674534069,-0.01751227674534069,-0.01751227674534069,-0.01751227674534069,-0.01751227674534069,-0.01751227674534069,0.0,0.0,0.0,12.850560155887871,381001.096183578,17250274.233450957,12780.641872169665
2005-08-14,12.86658491877432,9.584025687629996,16.90086460136731,12.86658491877432,12.86658491877432,0.21537890514276484,0.21537890514276484,0.21537890514276484,0.21537890514276484,0.21537890514276484,0.21537890514276484,0.0,0.0,0.0,13.081963823917086,480201.8145314197,21875209.2451213,14529.79817030612
2005-08-21,12.865097404915426,9.496828560883523,17.01827422648296,12.865097404915426,12.865097404915426,0.4592399673670607,0.4592399673670607,0.4592399673670607,0.4592399673670607,0.4592399673670607,0.4592399673670607,0.0,0.0,0.0,13.324337372282487,611907.0911043059,24600422.752926722,13316.424384679796
2005-08-28,12.863609891056534,9.702240746128195,16.721406965280753,12.863609891056534,12.863609891056534,0.3693760829774468,0.3693760829774468,0.3693760829774468,0.3693760829774468,0.3693760829774468,0.3693760829774468,0.0,0.0,0.0,13.23298597403398,558485.6389088575,18281623.09093198,16353.211808669794
2005-09-04,12.86212237719764,9.037912768807677,16.30570558368538,12.86212237719764,12.86212237719764,-0.12387522579465979,-0.12387522579465979,-0.12387522579465979,-0.12387522579465979,-0.12387522579465979,-0.12387522579465979,0.0,0.0,0.0,12.73824715140298,340525.13329886063,12063627.608907994,8415.192171708848
2005-09-11,12.860634863338747,8.77642203072695,15.826458343327038,12.860634863338747,12.860634863338747,-0.6754427346613174,-0.6754427346613174,-0.6754427346613174,-0.6754427346613174,-0.6754427346613174,-0.6754427346613174,0.0,0.0,0.0,12.18519212867743,195866.19434465037,7470393.323456078,6478.651653509877
2005-09-18,12.859147349102297,8.799911295803884,15.560487320184217,12.859147349102297,12.859147349102297,-0.8731274207792588,-0.8731274207792588,-0.8731274207792588,-0.8731274207792588,-0.8731274207792588,-0.8731274207792588,0.0,0.0,0.0,11.986019928323039,160494.2985055797,5725767.419728157,6632.655547096258
2005-09-25,12.85765983486585,8.600169486529039,15.67304342785772,12.85765983486585,12.85765983486585,-0.6875145630794326,-0.6875145630794326,-0.6875145630794326,-0.6875145630794326,-0.6875145630794326,-0.6875145630794326,0.0,0.0,0.0,12.170145271786417,192941.07084807096,6407907.1107551465,5431.580262512514
2005-10-02,12.8561723206294,8.821676682232516,15.917706074375758,12.8561723206294,12.8561723206294,-0.484291691059767,-0.484291691059767,-0.484291691059767,-0.484291691059767,-0.484291691059767,-0.484291691059767,0.0,0.0,0.0,12.371880629569633,236068.28692154167,8184117.5687044,6778.622373317701
2005-10-09,12.854684806392951,8.75791180024317,15.769667423931859,12.854684806392951,12.854684806392951,-0.5772400862605916,-0.5772400862605916,-0.5772400862605916,-0.5772400862605916,-0.5772400862605916,-0.5772400862605916,0.0,0.0,0.0,12.27744472013236,214795.15049962676,7057964.703246314,6359.81504748182
2005-10-16,12.853197292156501,8.306797558568336,15.721604295455215,12.853197292156501,12.853197292156501,-0.8637832086904754,-0.8637832086904754,-0.8637832086904754,-0.8637832086904754,-0.8637832086904754,-0.8637832086904754,0.0,0.0,0.0,11.989414083466025,161039.96997137592,6726759.9162248755,4050.3180782330805
2005-10-23,12.851709777920055,8.164802065376577,15.578442897988667,12.851709777920055,12.851709777920055,-0.984236100242503,-0.984236100242503,-0.984236100242503,-0.984236100242503,-0.984236100242503,-0.984236100242503,0.0,0.0,0.0,11.867473677677552,142552.64695130178,5829505.451121717,3514.0255229709805
2005-10-30,12.850222263683605,8.50793130724252,15.840668852671648,12.850222263683605,12.850222263683605,-0.7941969389934649,-0.7941969389934649,-0.7941969389934649,-0.7941969389934649,-0.7941969389934649,-0.7941969389934649,0.0,0.0,0.0,12.05602532469014,172132.44959284988,7577309.297824985,4952.90437481811
2005-11-06,12.848734749447157,8.563557557972473,15.985868373296,12.848734749447157,12.848734749447157,-0.550106706865045,-0.550106706865045,-0.550106706865045,-0.550106706865045,-0.550106706865045,-0.550106706865045,0.0,0.0,0.0,12.298628042582113,219393.7817995465,8761417.449786589,5236.27999684493
2005-11-13,12.847247235210707,8.68238364927652,15.86141121637692,12.847247235210707,12.847247235210707,-0.5737455536866639,-0.5737455536866639,-0.5737455536866639,-0.5737455536866639,-0.5737455536866639,-0.5737455536866639,0.0,0.0,0.0,12.273501681524044,213949.86857010244,7736122.005402054,5897.088823966698
2005-11-20,12.845759720974259,8.574947384364123,15.827037404255925,12.845759720974259,12.845759720974259,-0.8241302469051671,-0.8241302469051671,-0.8241302469051671,-0.8241302469051671,-0.8241302469051671,-0.8241302469051671,0.0,0.0,0.0,12.021629474069092,166312.43906107708,7474720.389628739,5296.272711515318
2005-11-27,12.84427220673781,8.38946745481891,15.601452203855487,12.84427220673781,12.84427220673781,-0.9266825022654249,-0.9266825022654249,-0.9266825022654249,-0.9266825022654249,-0.9266825022654249,-0.9266825022654249,0.0,0.0,0.0,11.917589704472384,149878.9178005488,5965193.404553894,4399.473619103768
2005-12-04,12.842784692501361,8.293881276719514,16.179449244499864,12.842784692501361,12.842784692501361,-0.6326962907637234,-0.6326962907637234,-0.6326962907637234,-0.6326962907637234,-0.6326962907637234,-0.6326962907637234,0.0,0.0,0.0,12.210088401737638,200803.76603209614,10632747.148326699,3998.32660315922
2005-12-11,12.841297178264911,9.133128057878446,16.31864816687374,12.841297178264911,12.841297178264911,-0.1358044567352877,-0.1358044567352877,-0.1358044567352877,-0.1358044567352877,-0.1358044567352877,-0.1358044567352877,0.0,0.0,0.0,12.705492721529623,329552.0829707386,12220776.89088684,9255.93295004443
2005-12-18,12.839809664028463,9.166545841410608,16.435039165602607,12.839809664028463,12.839809664028463,0.1503285181385014,0.1503285181385014,0.1503285181385014,0.1503285181385014,0.1503285181385014,0.1503285181385014,0.0,0.0,0.0,12.990138182166964,438070.83474010025,13729249.195770955,9570.506024630353
2005-12-25,12.838322149792017,9.514525392569057,16.467426957255768,12.838322149792017,12.838322149792017,0.07149151980743827,0.07149151980743827,0.07149151980743827,0.07149151980743827,0.07149151980743827,0.07149151980743827,0.0,0.0,0.0,12.909813669599455,404259.0627809627,14181188.442582369,13554.198319725696
2006-01-01,12.836834635555567,9.09711199359867,16.07848019515879,12.836834635555567,12.836834635555567,-0.12945039607170006,-0.12945039607170006,-0.12945039607170006,-0.12945039607170006,-0.12945039607170006,-0.12945039607170006,0.0,0.0,0.0,12.707384239483867,330176.0284600704,9611588.762061335,8928.467071074989
2006-01-08,12.835347121319119,8.963286489611404,16.16235043387362,12.835347121319119,12.835347121319119,-0.1710566736050397,-0.1710566736050397,-0.1710566736050397,-0.1710566736050397,-0.1710566736050397,-0.1710566736050397,0.0,0.0,0.0,12.664290447714079,316249.6731989959,10452485.324593067,7809.986049575102
2006-01-15,12.833859607082669,8.995845531126347,16.510836452201314,12.833859607082669,12.833859607082669,-0.10521854629791261,-0.10521854629791261,-0.10521854629791261,-0.10521854629791261,-0.10521854629791261,-0.10521854629791261,0.0,0.0,0.0,12.728641060784756,337269.6695779296,14810343.572836487,8068.489748920982
2006-01-22,12.83237209284622,9.100898517158711,16.477528217645748,12.83237209284622,12.83237209284622,-0.2085085719580288,-0.2085085719580288,-0.2085085719580288,-0.2085085719580288,-0.2085085719580288,-0.2085085719580288,0.0,0.0,0.0,12.623863520888191,303719.61277425155,14325162.264110973,8962.342803672856
2006-01-29,12.830884578609771,8.48261967640587,15.807631269375799,12.830884578609771,12.830884578609771,-0.5327933434542317,-0.5327933434542317,-0.5327933434542317,-0.5327933434542317,-0.5327933434542317,-0.5327933434542317,0.0,0.0,0.0,12.298091235155539,219276.04065631237,7331063.360378336,4829.086601513553
2006-02-05,12.829397064373323,8.393922828534008,15.58845276754667,12.829397064373323,12.829397064373323,-0.7211496726228429,-0.7211496726228429,-0.7211496726228429,-0.7211496726228429,-0.7211496726228429,-0.7211496726228429,0.0,0.0,0.0,12.10824739175048,181360.47021332552,5888151.078145413,4419.123114017773
2006-02-12,12.827909550136873,8.88438591476978,16.393799014681065,12.827909550136873,12.827909550136873,-0.3813749532361453,-0.3813749532361453,-0.3813749532361453,-0.3813749532361453,-0.3813749532361453,-0.3813749532361453,0.0,0.0,0.0,12.446534596900728,254366.30825425853,13174569.00517944,7217.380612049605
2006-02-19,12.826422035900427,9.58500569413046,16.879173452617312,12.826422035900427,12.826422035900427,0.40645037345696083,0.40645037345696083,0.40645037345696083,0.40645037345696083,0.40645037345696083,0.40645037345696083,0.0,0.0,0.0,13.232872409357388,558422.2181555755,21405820.005721197,14544.045427031788
2006-02-26,12.824934521663977,10.182853808552832,17.438161614693087,12.824934521663977,12.824934521663977,1.084519588216022,1.084519588216022,1.084519588216022,1.084519588216022,1.084519588216022,1.084519588216022,0.0,0.0,0.0,13.909454109879999,1098496.7360742395,37436682.15460106,26444.83104857781
2006-03-05,12.823447007427529,10.264259256722712,17.710906296713013,12.823447007427529,12.823447007427529,1.1684860650534863,1.1684860650534863,1.1684860650534863,1.1684860650534863,1.1684860650534863,1.1684860650534863,0.0,0.0,0.0,13.991933072481014,1192940.9874918917,49175509.16738642,28687.718955471042
2006-03-12,12.821959493191079,9.94910114364461,17.3335579397298,12.821959493191079,12.821959493191079,0.7366859693072305,0.7366859693072305,0.7366859693072305,0.7366859693072305,0.7366859693072305,0.7366859693072305,0.0,0.0,0.0,13.558645462498308,773471.5516816347,33718523.73613936,20932.39780509387
2006-03-19,12.82047197895463,9.444446143069841,17.134219775355234,12.82047197895463,12.82047197895463,0.30292154518079456,0.30292154518079456,0.30292154518079456,0.30292154518079456,0.30292154518079456,0.30292154518079456,0.0,0.0,0.0,13.123393524135425,500514.33875724295,27624669.091872774,12636.781563364904
2006-03-26,12.81898446471818,9.23839788843235,16.57630169851816,12.81898446471818,12.81898446471818,0.243738855019932,0.243738855019932,0.243738855019932,0.243738855019932,0.243738855019932,0.243738855019932,0.0,0.0,0.0,13.062723319738113,471050.7877612277,15812346.790653551,10283.54835797804
2006-04-02,12.817496950481733,9.68967839487333,16.71978105964557,12.817496950481733,12.817496950481733,0.45401807053138504,0.45401807053138504,0.45401807053138504,0.45401807053138504,0.45401807053138504,0.45401807053138504,0.0,0.0,0.0,13.271515021013117,580423.50559788,18251923.04657981,16149.049519569726
2006-04-09,12.816009436245283,9.814040247546583,16.83834173932454,12.816009436245283,12.816009436245283,0.58966921702306,0.58966921702306,0.58966921702306,0.58966921702306,0.58966921702306,0.58966921702306,0.0,0.0,0.0,13.405678653268343,663760.8160034976,20549387.449690163,18287.72900186075
2006-04-16,12.814521922008836,9.510520961474008,17.028059678836183,12.814521922008836,12.814521922008836,0.5383359192798862,0.5383359192798862,0.5383359192798862,0.5383359192798862,0.5383359192798862,0.5383359192798862,0.0,0.0,0.0,13.352857841288722,629610.2480325295,24842330.68638547,13500.02599912703
2006-04-23,12.813034407772387,9.96027148133981,17.199659681552625,12.813034407772387,12.813034407772387,0.5239873888002249,0.5239873888002249,0.5239873888002249,0.5239873888002249,0.5239873888002249,0.5239873888002249,0.0,0.0,0.0,13.33702179657261,619718.2281159083,29492886.234775707,21167.54180157769
2006-04-30,12.811546893535938,9.742497228954166,17.18232536872965,12.811546893535938,12.811546893535938,0.7533918486339796,0.7533918486339796,0.7533918486339796,0.7533918486339796,0.7533918486339796,0.7533918486339796,0.0,0.0,0.0,13.564938742169918,778354.5797822549,28986052.797052898,17025.006172099165
2006-05-07,12.810059379299489,10.404560788518568,17.7003207306704,12.810059379299489,12.810059379299489,1.0909098588617776,1.0909098588617776,1.0909098588617776,1.0909098588617776,1.0909098588617776,1.0909098588617776,0.0,0.0,0.0,13.900969238161267,1089215.5542007769,48657704.022288725,33008.83375120922
2006-05-14,12.80857186506304,10.21986705985741,17.50100873225529,12.80857186506304,12.80857186506304,1.1848969807554202,1.1848969807554202,1.1848969807554202,1.1848969807554202,1.1848969807554202,1.1848969807554202,0.0,0.0,0.0,13.99346884581846,1194774.4835462056,39864976.21064336,27442.017962754377
2006-05-21,12.80708435082659,10.03389712385617,17.412092374183352,12.80708435082659,12.80708435082659,0.8800115682533981,0.8800115682533981,0.8800115682533981,0.8800115682533981,0.8800115682533981,0.8800115682533981,0.0,0.0,0.0,13.687095919079988,879487.6333453016,36473347.515416496,22784.898206007874
2006-05-28,12.805596836590142,9.688318985639555,17.104988300553927,12.805596836590142,12.805596836590142,0.39780944088996784,0.39780944088996784,0.39780944088996784,0.39780944088996784,0.39780944088996784,0.39780944088996784,0.0,0.0,0.0,13.203406277480111,542207.7085791302,26828847.43153529,16127.109908960216
2006-06-04,12.80410932199646,9.067899742012472,16.641067136584297,12.80410932199646,12.80410932199646,0.07848569327715721,0.07848569327715721,0.07848569327715721,0.07848569327715721,0.07848569327715721,0.07848569327715721,0.0,0.0,0.0,12.882595015273617,393404.047486768,16870331.03965601,8671.390407771847
2006-06-11,12.802621807402774,9.090363693510767,16.317142054882304,12.802621807402774,12.802621807402774,0.023263388047391007,0.023263388047391007,0.023263388047391007,0.023263388047391007,0.023263388047391007,0.023263388047391007,0.0,0.0,0.0,12.825885195450166,371714.9236586401,12202384.884448085,8868.411213039932
2006-06-18,12.80113429280909,9.205030122796273,16.723536606706357,12.80113429280909,12.80113429280909,0.06379153452218547,0.06379153452218547,0.06379153452218547,0.06379153452218547,0.06379153452218547,0.06379153452218547,0.0,0.0,0.0,12.864925827331275,386513.9502334602,18320597.881357044,9946.038252693023
2006-06-25,12.799646778215406,9.219844015882183,16.639810232685903,12.799646778215406,12.799646778215406,0.03871463274731066,0.03871463274731066,0.03871463274731066,0.03871463274731066,0.03871463274731066,0.03871463274731066,0.0,0.0,0.0,12.838361410962717,376381.5822179988,16849139.973904558,10094.489469306194
2006-07-02,12.79815926362172,9.163243893260704,16.273204991755847,12.79815926362172,12.79815926362172,-0.016316349991436635,-0.016316349991436635,-0.016316349991436635,-0.016316349991436635,-0.016316349991436635,-0.016316349991436635,0.0,0.0,0.0,12.781842913630284,355698.9842402626,11677855.407380005,9538.953529040453
2006-07-09,12.796671749028038,9.066908667706407,16.42839488403736,12.796671749028038,12.796671749028038,0.009627974810475608,0.009627974810475608,0.009627974810475608,0.009627974810475608,0.009627974810475608,0.009627974810475608,0.0,0.0,0.0,12.806299723838514,364505.5222054455,13638330.570740482,8662.799682193412
2006-07-16,12.795184234434352,9.046900186497233,16.625274190410853,12.795184234434352,12.795184234434352,0.0903642894596167,0.0903642894596167,0.0903642894596167,0.0903642894596167,0.0903642894596167,0.0903642894596167,0.0,0.0,0.0,12.885548523893968,394567.6902543905,16605991.637013149,8491.172930081078
2006-07-23,12.793696719840668,9.274980858087646,16.466090521982032,12.793696719840668,12.793696719840668,0.08873728682672351,0.08873728682672351,0.08873728682672351,0.08873728682672351,0.08873728682672351,0.08873728682672351,0.0,0.0,0.0,12.882434006667392,393340.7109873877,14162248.859370248,10666.754348506638
2006-07-30,12.792209205246982,8.979034247033983,16.40128835622429,12.792209205246982,12.792209205246982,-0.013694102693675892,-0.013694102693675892,-0.013694102693675892,-0.013694102693675892,-0.013694102693675892,-0.013694102693675892,0.0,0.0,0.0,12.778515102553305,354517.24927855097,13273608.266131535,7933.965197749333
2006-08-06,12.7907216906533,8.991499865191987,16.31971021677884,12.7907216906533,12.7907216906533,-0.03669127898675333,-0.03669127898675333,-0.03669127898675333,-0.03669127898675333,-0.03669127898675333,-0.03669127898675333,0.0,0.0,0.0,12.754030411666546,345942.3843713173,12233762.861539945,8033.498527358066
2006-08-13,12.789234176059614,9.21972542818189,16.647263973109553,12.789234176059614,12.789234176059614,0.16300464208991294,0.16300464208991294,0.16300464208991294,0.16300464208991294,0.16300464208991294,0.16300464208991294,0.0,0.0,0.0,12.952238818149526,421778.86843999336,16975198.31653646,10093.292339410546
2006-08-20,12.78774666146593,9.391409543372422,16.983786165626963,12.78774666146593,12.78774666146593,0.43159366667998655,0.43159366667998655,0.43159366667998655,0.43159366667998655,0.43159366667998655,0.43159366667998655,0.0,0.0,0.0,13.219340328145917,550916.4884246071,23766465.288618736,11983.980782115097
2006-08-27,12.786259146872244,9.45123114208581,16.88833378155415,12.786259146872244,12.786259146872244,0.4190569150170311,0.4190569150170311,0.4190569150170311,0.4190569150170311,0.4190569150170311,0.4190569150170311,0.0,0.0,0.0,13.205316061889274,543244.1997395854,21602805.214506887,12722.820455661004
2006-09-03,12.78477163227856,9.057173096129242,16.624898680575594,12.78477163227856,12.78477163227856,-0.01766177790565428,-0.01766177790565428,-0.01766177790565428,-0.01766177790565428,-0.01766177790565428,-0.01766177790565428,0.0,0.0,0.0,12.767109854372904,350496.8510616886,16599757.094093073,8578.86189440477
2006-09-10,12.783284117684877,8.7421648601941,15.589094283114388,12.783284117684877,12.783284117684877,-0.5941534290152899,-0.5941534290152899,-0.5941534290152899,-0.5941534290152899,-0.5941534290152899,-0.5941534290152899,0.0,0.0,0.0,12.189130688669588,196639.15020740026,5891929.631239366,6260.436184306964
2006-09-17,12.781796603091191,8.205441501785693,15.587533400762961,12.781796603091191,12.781796603091191,-0.871851925533133,-0.871851925533133,-0.871851925533133,-0.871851925533133,-0.871851925533133,-0.871851925533133,0.0,0.0,0.0,11.909944677558059,148737.45062822587,5882740.194381864,3659.816547000811
2006-09-24,12.780309088497507,8.26472764876058,15.691307946960627,12.780309088497507,12.780309088497507,-0.734974340695856,-0.734974340695856,-0.734974340695856,-0.734974340695856,-0.734974340695856,-0.734974340695856,0.0,0.0,0.0,12.04533474780165,170302.04518721893,6526019.823358636,3883.414908512666
2006-10-01,12.778821573903821,8.471826097106703,15.82010844359671,12.778821573903821,12.778821573903821,-0.5033332778682741,-0.5033332778682741,-0.5033332778682741,-0.5033332778682741,-0.5033332778682741,-0.5033332778682741,0.0,0.0,0.0,12.275488296035547,214375.32894330018,7423107.358011305,4777.233025019869
2006-10-08,12.777334059310139,8.379712470497726,15.789279679237655,12.777334059310139,12.777334059310139,-0.5376889169316477,-0.5376889169316477,-0.5376889169316477,-0.5376889169316477,-0.5376889169316477,-0.5376889169316477,0.0,0.0,0.0,12.23964514237849,206827.48261487676,7197753.635997924,4356.755762704398
2006-10-15,12.775846544716453,8.299659061617447,15.516610860651934,12.775846544716453,12.775846544716453,-0.8146052965090738,-0.8146052965090738,-0.8146052965090738,-0.8146052965090738,-0.8146052965090738,-0.8146052965090738,0.0,0.0,0.0,11.96124124820738,156566.30308960384,5479972.705531075,4021.5007351155987
2006-10-22,12.774359030122769,8.126974813119311,15.735841564976255,12.774359030122769,12.774359030122769,-0.987078215882879,-0.987078215882879,-0.987078215882879,-0.987078215882879,-0.987078215882879,-0.987078215882879,0.0,0.0,0.0,11.787280814239889,131567.22459061106,6823215.628085094,3383.545180569622
2006-10-29,12.772871515529083,8.314721244743748,15.868489289773192,12.772871515529083,12.772871515529083,-0.8433383157794685,-0.8433383157794685,-0.8433383157794685,-0.8433383157794685,-0.8433383157794685,-0.8433383157794685,0.0,0.0,0.0,11.929533199749613,151679.74054312054,7791073.096347741,4082.546968464225
2006-11-05,12.771384000935399,8.469033725399004,15.759116081739776,12.771384000935399,12.771384000935399,-0.5802554964875102,-0.5802554964875102,-0.5802554964875102,-0.5802554964875102,-0.5802554964875102,-0.5802554964875102,0.0,0.0,0.0,12.191128504447889,197032.3936853496,6983885.198310785,4763.909033733802
2006-11-12,12.769896486341716,8.30276114320567,15.704787534912944,12.769896486341716,12.769896486341716,-0.5455227394108118,-0.5455227394108118,-0.5455227394108118,-0.5455227394108118,-0.5455227394108118,-0.5455227394108118,0.0,0.0,0.0,12.224373746930905,203692.91856943257,6614583.454662825,4033.9982346944253
2006-11-19,12.76840897174803,8.483317941200454,15.462129908617555,12.76840897174803,12.76840897174803,-0.7780465937959196,-0.7780465937959196,-0.7780465937959196,-0.7780465937959196,-0.7780465937959196,-0.7780465937959196,0.0,0.0,0.0,11.990362377952112,161192.75666717475,5189405.575466425,4832.460458727957
2006-11-26,12.766921457154346,8.208278888534082,15.595217695380565,12.766921457154346,12.766921457154346,-0.9356088226184214,-0.9356088226184214,-0.9356088226184214,-0.9356088226184214,-0.9356088226184214,-0.9356088226184214,0.0,0.0,0.0,11.831312634535925,137489.84809107074,5928119.039791977,3670.218449491094
2006-12-03,12.76543394256066,8.190147208920251,15.874901128853063,12.76543394256066,12.76543394256066,-0.7112438346347468,-0.7112438346347468,-0.7112438346347468,-0.7112438346347468,-0.7112438346347468,-0.7112438346347468,0.0,0.0,0.0,12.054190107925914,171816.83709772653,7841188.704626083,3604.2529327930106
2006-12-10,12.763946427966978,8.856832622433629,16.174462061850093,12.763946427966978,12.763946427966978,-0.2200725248241046,-0.2200725248241046,-0.2200725248241046,-0.2200725248241046,-0.2200725248241046,-0.2200725248241046,0.0,0.0,0.0,12.543873903142874,280371.3732687517,10579851.700506337,7021.205506789411
2006-12-17,12.762458913373292,9.450478786140284,16.747951057940824,12.762458913373292,12.762458913373292,0.12757467242778098,0.12757467242778098,0.12757467242778098,0.12757467242778098,0.12757467242778098,0.12757467242778098,0.0,0.0,0.0,12.890033585801072,396341.3297250222,18773390.095117938,12713.25121388074
2006-12-24,12.760971398779608,9.236509529764236,16.51842269463269,12.760971398779608,12.760971398779608,0.10495287683177869,0.10495287683177869,0.10495287683177869,0.10495287683177869,0.10495287683177869,0.10495287683177869,0.0,0.0,0.0,12.865924275611388,386900.05814307183,14923125.692615699,10264.145767229456
2006-12-31,12.759483884185922,8.853400072360554,16.38406740664128,12.759483884185922,12.759483884185922,-0.10035290868703352,-0.10035290868703352,-0.10035290868703352,-0.10035290868703352,-0.10035290868703352,-0.10035290868703352,0.0,0.0,0.0,12.659130975498888,314622.1887283661,13046981.078566916,6997.14275668765
2007-01-07,12.757996369592238,8.987690677819383,16.35651958990004,12.757996369592238,12.757996369592238,-0.17810564909267862,-0.17810564909267862,-0.17810564909267862,-0.17810564909267862,-0.17810564909267862,-0.17810564909267862,0.0,0.0,0.0,12.57989072049956,290653.5479436903,12692470.620824676,8002.951832999471
2007-01-14,12.756508854998556,9.0882451881636,16.20718594646191,12.756508854998556,12.756508854998556,-0.11223296302212135,-0.11223296302212135,-0.11223296302212135,-0.11223296302212135,-0.11223296302212135,-0.11223296302212135,0.0,0.0,0.0,12.644275891976434,309982.9782237249,10931792.61050886,8849.641207157887
2007-01-21,12.75502134040487,8.867256172932933,16.310468906115673,12.75502134040487,12.75502134040487,-0.1694682599349607,-0.1694682599349607,-0.1694682599349607,-0.1694682599349607,-0.1694682599349607,-0.1694682599349607,0.0,0.0,0.0,12.585553080469909,292304.006957901,12121227.636494856,7094.784632171539
2007-01-28,12.753533825811186,8.59128736422359,15.783565539645238,12.753533825811186,12.753533825811186,-0.4707278425652925,-0.4707278425652925,-0.4707278425652925,-0.4707278425652925,-0.4707278425652925,-0.4707278425652925,0.0,0.0,0.0,12.282805983245893,215949.82166044228,7156741.946107011,5383.541080955296
2007-02-04,12.752046311217498,8.532420722335024,15.649433038027414,12.752046311217498,12.752046311217498,-0.7189825901822844,-0.7189825901822844,-0.7189825901822844,-0.7189825901822844,-0.7189825901822844,-0.7189825901822844,0.0,0.0,0.0,12.033063721035214,168225.02162994316,6258385.97424546,5075.720302511699
2007-02-11,12.750558796508304,8.637454182209382,15.87851960563472,12.750558796508304,12.750558796508304,-0.4853919579821707,-0.4853919579821707,-0.4853919579821707,-0.4853919579821707,-0.4853919579821707,-0.4853919579821707,0.0,0.0,0.0,12.265166838526135,212174.03260880843,7869613.263301197,5637.955781403376
2007-02-18,12.74907128179911,9.357671567697713,16.97445023641214,12.74907128179911,12.74907128179911,0.2547430008459175,0.2547430008459175,0.2547430008459175,0.2547430008459175,0.2547430008459175,0.2547430008459175,0.0,0.0,0.0,13.003814282645028,444103.1041090865,23545615.763521954,11586.376684437164
2007-02-25,12.747583767089914,9.865946373655538,17.423862692744162,12.747583767089914,12.747583767089914,0.9989548371130881,0.9989548371130881,0.9989548371130881,0.9989548371130881,0.9989548371130881,0.9989548371130881,0.0,0.0,0.0,13.746538604203002,933351.856748159,36905186.90442164,19262.09510539085
2007-03-04,12.74609625238072,10.178504875944897,17.655885124539946,12.74609625238072,12.74609625238072,1.2019099761716232,1.2019099761716232,1.2019099761716232,1.2019099761716232,1.2019099761716232,1.2019099761716232,0.0,0.0,0.0,13.948006228552345,1141673.0733011323,46542903.59160398,26330.06963728413
2007-03-11,12.744608737671523,9.98994906183192,17.27393076899642,12.744608737671523,12.744608737671523,0.8304712637249536,0.8304712637249536,0.8304712637249536,0.8304712637249536,0.8304712637249536,0.8304712637249536,0.0,0.0,0.0,13.575080001396477,786288.2461762228,31766751.088621955,21805.18800266976
2007-03-18,12.74312122296233,9.267566009485252,16.881681570894138,12.74312122296233,12.74312122296233,0.3578339206757404,0.3578339206757404,0.3578339206757404,0.3578339206757404,0.3578339206757404,0.3578339206757404,0.0,0.0,0.0,13.100955143638071,489408.6479541172,21459575.72128254,10587.9470980684
2007-03-25,12.741633708253135,9.592533400657738,16.560094161846926,12.741633708253135,12.741633708253135,0.22557368504470646,0.22557368504470646,0.22557368504470646,0.22557368504470646,0.22557368504470646,0.22557368504470646,0.0,0.0,0.0,12.96720739329784,428139.80037278286,15558133.236528875,14653.949403886616
2007-04-01,12.74014619354394,9.330957124398651,16.983020257743725,12.74014619354394,12.74014619354394,0.4127727322914018,0.4127727322914018,0.4127727322914018,0.4127727322914018,0.4127727322914018,0.4127727322914018,0.0,0.0,0.0,13.15291892583534,515512.58019960887,23748269.333833676,11280.92452478633
2007-04-08,12.738658678834746,9.903693826816035,16.857517941553617,12.738658678834746,12.738658678834746,0.5813000109310817,0.5813000109310817,0.5813000109310817,0.5813000109310817,0.5813000109310817,0.5813000109310817,0.0,0.0,0.0,13.319958689765828,609233.5973058045,20947249.225259542,20003.12591111818
2007-04-15,12.73717116412555,9.89967450645301,16.91927492365179,12.73717116412555,12.73717116412555,0.5537425904302758,0.5537425904302758,0.5537425904302758,0.5537425904302758,0.5537425904302758,0.5537425904302758,0.0,0.0,0.0,13.290913754555826,591792.9255637407,22281668.962583095,19922.884286920995
2007-04-22,12.735683649416355,9.484591602093634,16.994480376278922,12.735683649416355,12.735683649416355,0.5110124014501598,0.5110124014501598,0.5110124014501598,0.5110124014501598,0.5110124014501598,0.5110124014501598,0.0,0.0,0.0,13.246696050866515,566195.2626430994,24021992.7826832,13154.45265317365
2007-04-29,12.73419613470716,9.865294766956113,17.15119055482505,12.73419613470716,12.73419613470716,0.6956851123188884,0.6956851123188884,0.6956851123188884,0.6956851123188884,0.6956851123188884,0.6956851123188884,0.0,0.0,0.0,13.429881247026048,680021.5558882414,28097481.92938284,19249.547232151635
2007-05-06,12.732708619997965,10.120751425746514,17.443561432859497,12.732708619997965,12.732708619997965,1.0385855027732374,1.0385855027732374,1.0385855027732374,1.0385855027732374,1.0385855027732374,1.0385855027732374,0.0,0.0,0.0,13.771294122771202,956745.8613707509,37639380.21018797,24852.43933439673
2007-05-13,12.73122110528877,10.584063363252604,17.716843809553858,12.73122110528877,12.73122110528877,1.198092145686799,1.198092145686799,1.198092145686799,1.198092145686799,1.198092145686799,1.198092145686799,0.0,0.0,0.0,13.929313250975568,1120530.0144713384,49468357.92675318,39499.292789439045
2007-05-20,12.729733590579576,10.00703866174015,17.59923245463404,12.729733590579576,12.729733590579576,0.957800216238997,0.957800216238997,0.957800216238997,0.957800216238997,0.957800216238997,0.957800216238997,0.0,0.0,0.0,13.687533806818573,879872.8349654463,43979423.37343487,22181.049545226262
2007-05-27,12.72824607587038,9.509437990786616,16.983928371288897,12.72824607587038,12.72824607587038,0.48015287635143367,0.48015287635143367,0.48015287635143367,0.48015287635143367,0.48015287635143367,0.48015287635143367,0.0,0.0,0.0,13.208398952221815,544921.5493279868,23769845.255008627,13485.412698036858
2007-06-03,12.726758561161185,9.276280054112574,16.560219927246983,12.726758561161185,12.726758561161185,0.11450545413975326,0.11450545413975326,0.11450545413975326,0.11450545413975326,0.11450545413975326,0.11450545413975326,0.0,0.0,0.0,12.841264015300938,377475.65900184197,15560090.034551434,10680.6228595576
2007-06-10,12.725271046451992,9.302476181388993,16.48895798520745,12.725271046451992,12.725271046451992,0.019451638986979283,0.019451638986979283,0.019451638986979283,0.019451638986979283,0.019451638986979283,0.019451638986979283,0.0,0.0,0.0,12.74472268543897,342737.37686402194,14489834.84242424,10964.137288547716
2007-06-17,12.723783531742795,9.344548711929946,16.51881826798134,12.723783531742795,12.723783531742795,0.05904918400601795,0.05904918400601795,0.05904918400601795,0.05904918400601795,0.05904918400601795,0.05904918400601795,0.0,0.0,0.0,12.782832715748812,356051.2311368282,14929030.05154037,11435.310588683373
2007-06-24,12.722296017033601,9.338681047625132,16.411381189083176,12.722296017033601,12.722296017033601,0.04883647408645144,0.04883647408645144,0.04883647408645144,0.04883647408645144,0.04883647408645144,0.04883647408645144,0.0,0.0,0.0,12.771132491120053,351909.61621260457,13408254.926022448,11368.402645904218
2007-07-01,12.720808502324404,9.195884137631728,16.598000153013125,12.720808502324404,12.720808502324404,-0.010180906342821304,-0.010180906342821304,-0.010180906342821304,-0.010180906342821304,-0.010180906342821304,-0.010180906342821304,0.0,0.0,0.0,12.710627595981583,331248.64877548453,16159199.777771512,9855.477553085728
2007-07-08,12.71932098761521,9.016199133686388,16.44297687875068,12.71932098761521,12.71932098761521,-0.0022639119888677177,-0.0022639119888677177,-0.0022639119888677177,-0.0022639119888677177,-0.0022639119888677177,-0.0022639119888677177,0.0,0.0,0.0,12.717057075626343,333385.27298019046,13838661.713672496,8234.415804496844
2007-07-15,12.717833472906017,8.962719629481741,16.51604609811001,12.717833472906017,12.717833472906017,0.07820556372649164,0.07820556372649164,0.07820556372649164,0.07820556372649164,0.07820556372649164,0.07820556372649164,0.0,0.0,0.0,12.796039036632509,360784.5572709318,14887701.552727936,7805.559567726814
2007-07-22,12.71634595819682,9.235982558799067,16.464802885473027,12.71634595819682,12.71634595819682,0.09896219349785107,0.09896219349785107,0.09896219349785107,0.09896219349785107,0.09896219349785107,0.09896219349785107,0.0,0.0,0.0,12.815308151694671,367803.98760128,14144024.764924321,10258.737758513838
2007-07-29,12.714858443487627,8.807162357451745,16.2866400168761,12.714858443487627,12.714858443487627,0.005475699586468929,0.005475699586468929,0.005475699586468929,0.005475699586468929,0.005475699586468929,0.005475699586468929,0.0,0.0,0.0,12.720334143074096,334479.59438608796,11835806.363256672,6680.931406515228
2007-08-05,12.71337092877843,8.83947170376576,16.062193857147346,12.71337092877843,12.71337092877843,-0.0478507918054686,-0.0478507918054686,-0.0478507918054686,-0.0478507918054686,-0.0478507918054686,-0.0478507918054686,0.0,0.0,0.0,12.665520136972962,316638.80245994485,9456318.982452612,6900.345722157337
2007-08-12,12.711883414069236,9.121753785563493,16.47195471582437,12.711883414069236,12.711883414069236,0.11346571471864172,0.11346571471864172,0.11346571471864172,0.11346571471864172,0.11346571471864172,0.11346571471864172,0.0,0.0,0.0,12.825349128787877,371515.7125441142,14245543.025659233,9151.238613541249
2007-08-19,12.710395899360043,9.526812147699406,16.792777282572473,12.710395899360043,12.710395899360043,0.39437674794170463,0.39437674794170463,0.39437674794170463,0.39437674794170463,0.39437674794170463,0.39437674794170463,0.0,0.0,0.0,13.104772647301747,491280.5417856897,19634076.894866243,13721.775101493662
2007-08-26,12.708908384650845,9.683322912655283,17.021390710892863,12.708908384650845,12.708908384650845,0.45390145376857177,0.45390145376857177,0.45390145376857177,0.45390145376857177,0.45390145376857177,0.45390145376857177,0.0,0.0,0.0,13.162809838419417,520636.7796868301,24677209.17973193,16046.733644785263
2007-09-02,12.707420869941652,8.949543272913493,16.527962446709907,12.707420869941652,12.707420869941652,0.08360869161255523,0.08360869161255523,0.08360869161255523,0.08360869161255523,0.08360869161255523,0.08360869161255523,0.0,0.0,0.0,12.791029561554208,358981.73039146967,15066169.83949713,7703.372261925005
2007-09-09,12.705933355232458,8.373632553135637,15.82861543246624,12.705933355232458,12.705933355232458,-0.5023524815013946,-0.5023524815013946,-0.5023524815013946,-0.5023524815013946,-0.5023524815013946,-0.5023524815013946,0.0,0.0,0.0,12.203580873731063,199501.26601746125,7486525.022417959,4330.3413478808625
2007-09-16,12.704445840523261,8.06774909600359,15.603856996051348,12.704445840523261,12.704445840523261,-0.8560195169119965,-0.8560195169119965,-0.8560195169119965,-0.8560195169119965,-0.8560195169119965,-0.8560195169119965,0.0,0.0,0.0,11.848426323611266,139863.07311165665,5979555.7197750695,3188.913552888146
2007-09-23,12.702958325814068,8.39500365817523,15.576735844665649,12.702958325814068,12.702958325814068,-0.7792936055507128,-0.7792936055507128,-0.7792936055507128,-0.7792936055507128,-0.7792936055507128,-0.7792936055507128,0.0,0.0,0.0,11.923664720263355,150792.21199744998,5819562.661613173,4423.903096805472
2007-09-30,12.70147081110487,8.681064026298333,15.625363224008327,12.70147081110487,12.70147081110487,-0.5320530326969714,-0.5320530326969714,-0.5320530326969714,-0.5320530326969714,-0.5320530326969714,-0.5320530326969714,0.0,0.0,0.0,12.1694177784079,192800.7578136815,6109546.222155195,5889.310703649092
2007-10-07,12.699983296395677,8.268056990647668,15.583690484977186,12.699983296395677,12.699983296395677,-0.5068753959564192,-0.5068753959564192,-0.5068753959564192,-0.5068753959564192,-0.5068753959564192,-0.5068753959564192,0.0,0.0,0.0,12.193107900439259,197422.78703903235,5860176.697958779,3896.3690061184675
2007-10-14,12.698495781686486,8.678530201582834,15.705130690919999,12.698495781686486,12.698495781686486,-0.7616692229541555,-0.7616692229541555,-0.7616692229541555,-0.7616692229541555,-0.7616692229541555,-0.7616692229541555,0.0,0.0,0.0,11.93682655873233,152790.04664343805,6616853.678550821,5874.40458153164
2007-10-21,12.697008266864497,7.973723494336821,15.159791061456087,12.697008266864497,12.697008266864497,-0.978557311574395,-0.978557311574395,-0.978557311574395,-0.978557311574395,-0.978557311574395,-0.978557311574395,0.0,0.0,0.0,11.718450955290102,122816.02870163419,3835424.9720150298,2902.648981027054
2007-10-28,12.695520752042512,8.045451871671963,15.522214897255633,12.695520752042512,12.695520752042512,-0.8881990422494819,-0.8881990422494819,-0.8881990422494819,-0.8881990422494819,-0.8881990422494819,-0.8881990422494819,0.0,0.0,0.0,11.80732170979303,134230.568394275,5510768.88963896,3118.574432535821
2007-11-04,12.694033237220527,8.442863126282631,15.631479368462953,12.694033237220527,12.694033237220527,-0.6186464300726956,-0.6186464300726956,-0.6186464300726956,-0.6186464300726956,-0.6186464300726956,-0.6186464300726956,0.0,0.0,0.0,12.075386807147831,175497.68116804562,6147027.59943772,4640.826111375774
2007-11-11,12.692545722398542,8.768556804329634,15.963335583580236,12.692545722398542,12.692545722398542,-0.527012726456515,-0.527012726456515,-0.527012726456515,-0.527012726456515,-0.527012726456515,-0.527012726456515,0.0,0.0,0.0,12.165532995942026,192053.21788067644,8566205.840754773,6427.88762327048
2007-11-18,12.691058207576555,8.255495552652725,15.506218178480502,12.691058207576555,12.691058207576555,-0.7294694581597725,-0.7294694581597725,-0.7294694581597725,-0.7294694581597725,-0.7294694581597725,-0.7294694581597725,0.0,0.0,0.0,11.961588749416782,156620.71987118147,5423315.998025159,3847.718645954905
2007-11-25,12.689570692754568,8.007883561978597,15.735443411263264,12.689570692754568,12.689570692754568,-0.9310500111325639,-0.9310500111325639,-0.9310500111325639,-0.9310500111325639,-0.9310500111325639,-0.9310500111325639,0.0,0.0,0.0,11.758520681622004,127837.20010497473,6820499.479808221,3003.551432085974
2007-12-02,12.688083177932583,8.11475013741286,15.609231077884397,12.688083177932583,12.688083177932583,-0.7803733277891417,-0.7803733277891417,-0.7803733277891417,-0.7803733277891417,-0.7803733277891417,-0.7803733277891417,0.0,0.0,0.0,11.90770985014344,148405.417018255,6011776.848857208,3342.4220837124863
2007-12-09,12.686595663110598,8.80368268888334,16.014717976316938,12.686595663110598,12.686595663110598,-0.309497024905196,-0.309497024905196,-0.309497024905196,-0.309497024905196,-0.309497024905196,-0.309497024905196,0.0,0.0,0.0,12.377098638205402,237303.31789824466,9017862.27331081,6657.720905668439
2007-12-16,12.685108148288611,8.970223840292471,16.356071976478535,12.685108148288611,12.685108148288611,0.09172248417173232,0.09172248417173232,0.09172248417173232,0.09172248417173232,0.09172248417173232,0.09172248417173232,0.0,0.0,0.0,12.776830632460344,353920.57656998397,12686790.57150314,7864.361993383002
2007-12-23,12.683620633466626,9.085746959498024,16.262887737240014,12.683620633466626,12.683620633466626,0.13221959105005396,0.13221959105005396,0.13221959105005396,0.13221959105005396,0.13221959105005396,0.13221959105005396,0.0,0.0,0.0,12.81584022451668,367999.7387112868,11557991.387674324,8827.557877674248
2007-12-30,12.682133118644641,8.958747531799533,16.139078691050777,12.682133118644641,12.682133118644641,-0.06624562103087742,-0.06624562103087742,-0.06624562103087742,-0.06624562103087742,-0.06624562103087742,-0.06624562103087742,0.0,0.0,0.0,12.615887497613764,301306.7653529213,10212046.31952823,7774.61265333418
2008-01-06,12.680645603822654,8.84770445636221,16.45010715815447,12.680645603822654,12.680645603822654,-0.1796651337177003,-0.1796651337177003,-0.1796651337177003,-0.1796651337177003,-0.1796651337177003,-0.1796651337177003,0.0,0.0,0.0,12.500980470104954,268599.51222973486,13937687.86792207,6957.3973176683885
2008-01-13,12.679158089000667,9.069226554239332,16.271400454260117,12.679158089000667,12.679158089000667,-0.12361322958857954,-0.12361322958857954,-0.12361322958857954,-0.12361322958857954,-0.12361322958857954,-0.12361322958857954,0.0,0.0,0.0,12.555544859412088,283662.75641043147,11656801.279817766,8682.904678349307
2008-01-20,12.677670574178682,9.0189195811611,16.071562868604946,12.677670574178682,12.677670574178682,-0.13952459095451694,-0.13952459095451694,-0.13952459095451694,-0.13952459095451694,-0.13952459095451694,-0.13952459095451694,0.0,0.0,0.0,12.538145983224165,278770.01337612094,9545331.682101494,8256.850322753478
2008-01-27,12.676183059356697,8.655738801208196,15.976185267105043,12.676183059356697,12.676183059356697,-0.40742152770410694,-0.40742152770410694,-0.40742152770410694,-0.40742152770410694,-0.40742152770410694,-0.40742152770410694,0.0,0.0,0.0,12.26876153165259,212938.10922784658,8676989.12843796,5742.010339384323
2008-02-03,12.674695544534712,8.11279381010596,15.643893543349082,12.674695544534712,12.674695544534712,-0.7002377302493774,-0.7002377302493774,-0.7002377302493774,-0.7002377302493774,-0.7002377302493774,-0.7002377302493774,0.0,0.0,0.0,11.974457814285335,158649.3200408419,6223813.518282084,3335.8876496216035
2008-02-10,12.673208029712724,8.387299165146805,15.616440136669674,12.673208029712724,12.673208029712724,-0.5716423229355635,-0.5716423229355635,-0.5716423229355635,-0.5716423229355635,-0.5716423229355635,-0.5716423229355635,0.0,0.0,0.0,12.10156570677716,180152.70943494554,6055272.702481445,4389.9424545002
2008-02-17,12.671720514890739,9.165807019750838,16.51154051872922,12.671720514890739,12.671720514890739,0.10330668272152597,0.10330668272152597,0.10330668272152597,0.10330668272152597,0.10330668272152597,0.10330668272152597,0.0,0.0,0.0,12.775027197612264,353282.87726272346,14820774.712394174,9563.437000358419
2008-02-24,12.670233000068754,9.80846338304775,17.055174127296965,12.670233000068754,12.670233000068754,0.894575859202494,0.894575859202494,0.894575859202494,0.894575859202494,0.894575859202494,0.894575859202494,0.0,0.0,0.0,13.564808859271247,778253.4912683328,25525131.86516787,18186.01911310539
2008-03-02,12.668745485246768,10.216842006066264,17.435254050309734,12.668745485246768,12.668745485246768,1.215491633024163,1.215491633024163,1.215491633024163,1.215491633024163,1.215491633024163,1.215491633024163,0.0,0.0,0.0,13.884237118270931,1071142.276011479,37327990.67833497,27359.1267955565
2008-03-09,12.667257970424782,9.77987776045575,17.100332350424697,12.667257970424782,12.667257970424782,0.9211597066600291,0.9211597066600291,0.9211597066600291,0.9211597066600291,0.9211597066600291,0.9211597066600291,0.0,0.0,0.0,13.588417677084811,796845.7670243729,26704223.996593222,17673.492199082695
2008-03-16,12.665770455602797,9.226006882102904,16.49683375801809,12.665770455602797,12.665770455602797,0.4250361103290053,0.4250361103290053,0.4250361103290053,0.4250361103290053,0.4250361103290053,0.4250361103290053,0.0,0.0,0.0,13.090806565931802,484466.9541071693,14604404.065964757,10156.898732779113
2008-03-23,12.66428294078081,9.45959281881366,16.408751331144874,12.66428294078081,12.66428294078081,0.21855005579856684,0.21855005579856684,0.21855005579856684,0.21855005579856684,0.21855005579856684,0.21855005579856684,0.0,0.0,0.0,12.882832996579376,393497.6816748122,13373039.443890527,12829.658981169916
2008-03-30,12.662795425958825,9.482099195824372,16.872008373332235,12.662795425958825,12.662795425958825,0.37039447336437564,0.37039447336437564,0.37039447336437564,0.37039447336437564,0.37039447336437564,0.37039447336437564,0.0,0.0,0.0,13.033189899323201,457342.4408425001,21252993.760953527,13121.70474800072
2008-04-06,12.661307911136838,9.614991804510849,16.999419584975794,12.661307911136838,12.661307911136838,0.5655436102536248,0.5655436102536248,0.5655436102536248,0.5655436102536248,0.5655436102536248,0.5655436102536248,0.0,0.0,0.0,13.226851521390463,555070.1159632491,24140935.92398064,14986.79983056057
2008-04-13,12.659820396314853,9.565577332252058,17.0365655589195,12.659820396314853,12.659820396314853,0.5684761652994059,0.5684761652994059,0.5684761652994059,0.5684761652994059,0.5684761652994059,0.5684761652994059,0.0,0.0,0.0,13.22829656161426,555872.7958655806,25054537.80542303,14264.186424860744
2008-04-20,12.658332881492868,9.547671671081195,16.81052232470725,12.658332881492868,12.658332881492868,0.5062700254878845,0.5062700254878845,0.5062700254878845,0.5062700254878845,0.5062700254878845,0.5062700254878845,0.0,0.0,0.0,13.164602906980752,521571.1563718167,19985594.053833783,14011.032042171253
2008-04-27,12.656845366670881,9.769036176419574,17.00493222639386,12.656845366670881,12.656845366670881,0.6438781540421634,0.6438781540421634,0.6438781540421634,0.6438781540421634,0.6438781540421634,0.6438781540421634,0.0,0.0,0.0,13.300723520713044,597626.8535374827,24274383.739769198,17482.907692353143
2008-05-04,12.655357851848894,9.866727452418832,17.263827968836864,12.655357851848894,12.655357851848894,0.98002723006548,0.98002723006548,0.98002723006548,0.98002723006548,0.98002723006548,0.98002723006548,0.0,0.0,0.0,13.635385081914373,835164.4115796164,31447433.656618986,19277.146977476565
2008-05-11,12.653870337026909,10.360406446949186,17.563262105630766,12.653870337026909,12.653870337026909,1.197372525704735,1.197372525704735,1.197372525704735,1.197372525704735,1.197372525704735,1.197372525704735,0.0,0.0,0.0,13.851242862731644,1036377.3758033866,42425581.77697529,31583.01594095348
2008-05-18,12.652382822204924,9.97936019084162,17.51516348235318,12.652382822204924,12.652382822204924,1.027462452355566,1.027462452355566,1.027462452355566,1.027462452355566,1.027462452355566,1.027462452355566,0.0,0.0,0.0,13.67984527456049,873133.8363037033,40433267.52307879,21575.50328812166
2008-05-25,12.650895307382939,9.484188639617567,16.950832300468797,12.650895307382939,12.650895307382939,0.5666795183977167,0.5666795183977167,0.5666795183977167,0.5666795183977167,0.5666795183977167,0.5666795183977167,0.0,0.0,0.0,13.217574825780655,549944.7003951838,22996032.453305356,13149.15256733833
2008-06-01,12.649407792560952,9.231841806761894,16.4176742415681,12.649407792560952,12.649407792560952,0.16006164158259975,0.16006164158259975,0.16006164158259975,0.16006164158259975,0.16006164158259975,0.16006164158259975,0.0,0.0,0.0,12.809469434143551,365662.7353314362,13492899.84240114,10216.342563060418
2008-06-08,12.647920277738965,8.809685252250105,16.383793399820377,12.647920277738965,12.647920277738965,0.02004875853785191,0.02004875853785191,0.02004875853785191,0.02004875853785191,0.02004875853785191,0.02004875853785191,0.0,0.0,0.0,12.667969036276817,317415.1716887966,13043406.606222466,6697.810499638901
2008-06-15,12.64643276291698,8.924120899735934,16.430311447733715,12.64643276291698,12.64643276291698,0.0521054689097739,0.0521054689097739,0.0521054689097739,0.0521054689097739,0.0521054689097739,0.0521054689097739,0.0,0.0,0.0,12.698538231826754,327268.1604117674,13664494.3661893,7509.977527496584
2008-06-22,12.644945248094992,9.343315627796652,16.34498282194704,12.644945248094992,12.644945248094992,0.0570401113501931,0.0570401113501931,0.0570401113501931,0.0570401113501931,0.0570401113501931,0.0570401113501931,0.0,0.0,0.0,12.701985359445185,328398.24562822655,12546881.947138868,11421.217346415495
2008-06-29,12.643457738702702,8.790395672626648,16.15026469237982,12.643457738702702,12.643457738702702,-0.0015383813720590575,-0.0015383813720590575,-0.0015383813720590575,-0.0015383813720590575,-0.0015383813720590575,-0.0015383813720590575,0.0,0.0,0.0,12.641919357330643,309253.3502738225,10326919.582848663,6569.831559362749
2008-07-06,12.641970229310413,8.980973485729052,16.367801369870122,12.641970229310413,12.641970229310413,-0.011377324090185255,-0.011377324090185255,-0.011377324090185255,-0.011377324090185255,-0.011377324090185255,-0.011377324090185255,0.0,0.0,0.0,12.630592905220228,305770.3578942834,12836475.078845646,7949.367919254596
2008-07-13,12.640482719918124,9.14554969029104,16.499802254705603,12.640482719918124,12.640482719918124,0.06390771424484297,0.06390771424484297,0.06390771424484297,0.06390771424484297,0.06390771424484297,0.06390771424484297,0.0,0.0,0.0,12.704390434162967,329189.02090686164,14647821.60455305,9371.636292895873
2008-07-20,12.638995210525835,9.018806542321416,16.377501109311783,12.638995210525835,12.638995210525835,0.10486484941404559,0.10486484941404559,0.10486484941404559,0.10486484941404559,0.10486484941404559,0.10486484941404559,0.0,0.0,0.0,12.74386005993988,342441.84948367486,12961591.368904568,8255.916917691215
2008-07-27,12.637507701133545,9.104995701514898,16.26590092094895,12.637507701133545,12.637507701133545,0.025825475241807935,0.025825475241807935,0.025825475241807935,0.025825475241807935,0.025825475241807935,0.025825475241807935,0.0,0.0,0.0,12.663333176375353,315947.08034852863,11592870.263886102,8999.142607898699
2008-08-03,12.636020191741254,8.923112361037443,16.083438626231747,12.636020191741254,12.636020191741254,-0.05133979366982609,-0.05133979366982609,-0.05133979366982609,-0.05133979366982609,-0.05133979366982609,-0.05133979366982609,0.0,0.0,0.0,12.584680398071429,292049.0287969998,9659365.518387899,7502.406234609309
2008-08-10,12.634532682348967,8.924364676611864,16.342691224064094,12.634532682348967,12.634532682348967,0.06852869063087969,0.06852869063087969,0.06852869063087969,0.06852869063087969,0.06852869063087969,0.06852869063087969,0.0,0.0,0.0,12.703061372979846,328751.7978406658,12518162.456070296,7511.808753329606
2008-08-17,12.633045172956678,9.386935477322899,16.555180010538983,12.633045172956678,12.633045172956678,0.3497262615553917,0.3497262615553917,0.3497262615553917,0.3497262615553917,0.3497262615553917,0.3497262615553917,0.0,0.0,0.0,12.982771434512069,434855.52779723017,15481865.759263992,11930.478961080842
2008-08-24,12.631557663564388,9.378006749581042,16.62325993647748,12.631557663564388,12.631557663564388,0.47374971089933715,0.47374971089933715,0.47374971089933715,0.47374971089933715,0.47374971089933715,0.47374971089933715,0.0,0.0,0.0,13.105307374463726,491543.31361961854,16572576.615493448,11824.420223278767
2008-08-31,12.630070154172099,9.236005027796358,16.26262018463788,12.630070154172099,12.630070154172099,0.17727243229580747,0.17727243229580747,0.17727243229580747,0.17727243229580747,0.17727243229580747,0.17727243229580747,0.0,0.0,0.0,12.807342586467907,364885.85071635,11554899.430384591,10258.968287123598
2008-09-07,12.62858264477981,8.736038061109472,15.904891108818301,12.62858264477981,12.62858264477981,-0.40238605798962335,-0.40238605798962335,-0.40238605798962335,-0.40238605798962335,-0.40238605798962335,-0.40238605798962335,0.0,0.0,0.0,12.226196586790186,204064.5585805015,8079907.521351713,6222.190903038108
2008-09-14,12.62709513538752,8.14570133886693,15.21473633336103,12.62709513538752,12.62709513538752,-0.8250574692262799,-0.8250574692262799,-0.8250574692262799,-0.8250574692262799,-0.8250574692262799,-0.8250574692262799,0.0,0.0,0.0,11.80203766616124,133523.153581468,4052060.546337224,3447.523125703312
2008-09-21,12.62560762599523,8.098962522042202,15.410457344599232,12.62560762599523,12.62560762599523,-0.8177731129878472,-0.8177731129878472,-0.8177731129878472,-0.8177731129878472,-0.8177731129878472,-0.8177731129878472,0.0,0.0,0.0,11.807834513007382,134299.420426278,4928065.82612272,3290.051909677741
2008-09-28,12.62412011660294,8.617636432805405,15.732553024491127,12.62412011660294,12.62412011660294,-0.5688970373239502,-0.5688970373239502,-0.5688970373239502,-0.5688970373239502,-0.5688970373239502,-0.5688970373239502,0.0,0.0,0.0,12.05522307927899,171994.41170034502,6800814.058387752,5527.304420736212
2008-10-05,12.622632607210651,8.254599817398812,16.130280770304438,12.622632607210651,12.622632607210651,-0.48615559722684276,-0.48615559722684276,-0.48615559722684276,-0.48615559722684276,-0.48615559722684276,-0.48615559722684276,0.0,0.0,0.0,12.136477009983809,186553.18461238488,10122595.603689268,3844.2727565140567
2008-10-12,12.621145097818362,8.073989089106743,15.39529436863443,12.621145097818362,12.621145097818362,-0.7073669590742669,-0.7073669590742669,-0.7073669590742669,-0.7073669590742669,-0.7073669590742669,-0.7073669590742669,0.0,0.0,0.0,11.913778138744094,149308.72799078134,4853905.3350410415,3208.880824486735
2008-10-19,12.619657588426072,8.346121700402746,15.439505895235632,12.619657588426072,12.619657588426072,-0.9589943071815082,-0.9589943071815082,-0.9589943071815082,-0.9589943071815082,-0.9589943071815082,-0.9589943071815082,0.0,0.0,0.0,11.660663281244565,115919.89308010036,5073318.50093893,4212.806607284521
2008-10-26,12.618170079033783,8.13962584083155,15.45672217032914,12.618170079033783,12.618170079033783,-0.9266264136809184,-0.9266264136809184,-0.9266264136809184,-0.9266264136809184,-0.9266264136809184,-0.9266264136809184,0.0,0.0,0.0,11.691543665352865,119555.41910668479,5161418.364793437,3426.635146916004
2008-11-02,12.616682569641492,8.182494973574173,15.86628120881066,12.616682569641492,12.616682569641492,-0.6634592016477929,-0.6634592016477929,-0.6634592016477929,-0.6634592016477929,-0.6634592016477929,-0.6634592016477929,0.0,0.0,0.0,11.953223367993699,155315.98435915788,7773888.75315048,3576.7699760049654
2008-11-09,12.615195060249203,8.619401441541834,15.662726672787123,12.615195060249203,12.615195060249203,-0.5191639008548101,-0.5191639008548101,-0.5191639008548101,-0.5191639008548101,-0.5191639008548101,-0.5191639008548101,0.0,0.0,0.0,12.096031159394393,179158.39427417066,6342138.136804084,5537.07054244619
2008-11-16,12.613707550856914,8.389104435931968,15.806325942427785,12.613707550856914,12.613707550856914,-0.6810463470299613,-0.6810463470299613,-0.6810463470299613,-0.6810463470299613,-0.6810463470299613,-0.6810463470299613,0.0,0.0,0.0,11.932661203826953,152154.9413455539,7321500.167415728,4397.876453986636
2008-11-23,12.612220041464624,8.037275603520506,15.188183261798374,12.612220041464624,12.612220041464624,-0.9140723146467435,-0.9140723146467435,-0.9140723146467435,-0.9140723146467435,-0.9140723146467435,-0.9140723146467435,0.0,0.0,0.0,11.698147726817881,120347.58994032232,3945881.7906788727,3093.1719457445806
2008-11-30,12.610732532072335,8.192557143224624,15.393943174434405,12.610732532072335,12.610732532072335,-0.8381871399323338,-0.8381871399323338,-0.8381871399323338,-0.8381871399323338,-0.8381871399323338,-0.8381871399323338,0.0,0.0,0.0,11.772545392140001,129642.72524395084,4847351.1939095855,3612.9518331908175
2008-12-07,12.609245022680046,8.428228161646265,15.999990982552463,12.609245022680046,12.609245022680046,-0.40145895247983837,-0.40145895247983837,-0.40145895247983837,-0.40145895247983837,-0.40145895247983837,-0.40145895247983837,0.0,0.0,0.0,12.207786070200207,200341.9786841656,8886029.390833728,4573.387832469982
2008-12-14,12.607757513287755,9.048029328747498,16.319659310749106,12.607757513287755,12.607757513287755,0.04307924154421035,0.04307924154421035,0.04307924154421035,0.04307924154421035,0.04307924154421035,0.04307924154421035,0.0,0.0,0.0,12.650836754831966,312023.4268247397,12233140.105044207,8500.767216970975
2008-12-21,12.606270003895466,9.162027340909646,16.44791576402778,12.606270003895466,12.606270003895466,0.15124646510149578,0.15124646510149578,0.15124646510149578,0.15124646510149578,0.15124646510149578,0.15124646510149578,0.0,0.0,0.0,12.757516468996961,347150.4673421164,13907178.339807054,9527.354732847616
2008-12-28,12.604782494503176,8.939387304606285,16.303843739164833,12.604782494503176,12.604782494503176,-0.028655912926041,-0.028655912926041,-0.028655912926041,-0.028655912926041,-0.028655912926041,-0.028655912926041,0.0,0.0,0.0,12.576126581577135,289561.5403702654,12041187.90418742,7625.522888429112
2009-01-04,12.603294985110887,8.956138008502736,16.20716513479689,12.603294985110887,12.603294985110887,-0.17477610272131885,-0.17477610272131885,-0.17477610272131885,-0.17477610272131885,-0.17477610272131885,-0.17477610272131885,0.0,0.0,0.0,12.428518882389568,249824.7321531019,10931565.104049604,7754.348462406861
2009-01-11,12.6018074757186,8.837429405895156,16.065554659088747,12.6018074757186,12.6018074757186,-0.13746169397920954,-0.13746169397920954,-0.13746169397920954,-0.13746169397920954,-0.13746169397920954,-0.13746169397920954,0.0,0.0,0.0,12.46434578173939,258937.47954160493,9488153.265404137,6886.2655013811545
2009-01-18,12.60031996632631,9.08845021180004,16.054808007077508,12.60031996632631,12.60031996632631,-0.11889236237770207,-0.11889236237770207,-0.11889236237770207,-0.11889236237770207,-0.11889236237770207,-0.11889236237770207,0.0,0.0,0.0,12.481427603948609,263398.6142924128,9386733.311843973,8851.455983832702
2009-01-25,12.598832456934021,8.399271151430375,15.545065959575119,12.598832456934021,12.598832456934021,-0.3456280232523059,-0.3456280232523059,-0.3456280232523059,-0.3456280232523059,-0.3456280232523059,-0.3456280232523059,0.0,0.0,0.0,12.253204433681715,209651.02964883487,5638145.640191862,4442.826690360777
2009-02-01,12.59734494754173,8.175036852572532,15.557967713366617,12.59734494754173,12.59734494754173,-0.6671004975317228,-0.6671004975317228,-0.6671004975317228,-0.6671004975317228,-0.6671004975317228,-0.6671004975317228,0.0,0.0,0.0,11.930244450010008,151787.6618843201,5711358.894114107,3550.1857918643946
2009-02-08,12.59585743814944,7.9710532582845435,15.602838505040536,12.59585743814944,12.59585743814944,-0.6387749293213681,-0.6387749293213681,-0.6387749293213681,-0.6387749293213681,-0.6387749293213681,-0.6387749293213681,0.0,0.0,0.0,11.957082508828073,155916.53253042695,5973468.695323363,2894.9058953687836
2009-02-15,12.594369928757152,8.882307377732143,16.201278428803853,12.594369928757152,12.594369928757152,-0.04393183016642598,-0.04393183016642598,-0.04393183016642598,-0.04393183016642598,-0.04393183016642598,-0.04393183016642598,0.0,0.0,0.0,12.550438098590726,282217.84599884565,10867403.224696457,7202.3925226412875
2009-02-22,12.592882419364862,9.626110045774464,17.14445992184711,12.592882419364862,12.592882419364862,0.773858210058521,0.773858210058521,0.773858210058521,0.773858210058521,0.773858210058521,0.773858210058521,0.0,0.0,0.0,13.366740629423383,638411.9624003207,27909003.086667806,15154.367608420593
2009-03-01,12.591394909972573,9.972754176325193,17.503883143417116,12.591394909972573,12.591394909972573,1.2077666552199253,1.2077666552199253,1.2077666552199253,1.2077666552199253,1.2077666552199253,1.2077666552199253,0.0,0.0,0.0,13.799161565192499,983782.9266584712,39979729.391004995,21433.438352336303
2009-03-08,12.589907400580286,9.779530819082385,17.43869498177404,12.589907400580286,12.589907400580286,1.0052075584991487,1.0052075584991487,1.0052075584991487,1.0052075584991487,1.0052075584991487,1.0052075584991487,0.0,0.0,0.0,13.595114959079435,802200.3852091474,37456654.97496482,17667.36125008704
2009-03-15,12.588419890970618,9.614309710126497,16.83467491965186,12.588419890970618,12.588419890970618,0.5027929635828405,0.5027929635828405,0.5027929635828405,0.5027929635828405,0.5027929635828405,0.5027929635828405,0.0,0.0,0.0,13.091212854553458,484663.82791556604,20474174.528244622,14976.580222227303
2009-03-22,12.586932381360953,9.152507740937665,16.69212734744147,12.586932381360953,12.586932381360953,0.22411819411379266,0.22411819411379266,0.22411819411379266,0.22411819411379266,0.22411819411379266,0.22411819411379266,0.0,0.0,0.0,12.811050575474745,366241.35869880114,17754104.580352727,9437.078983661766
2009-03-29,12.585444871751287,9.321973265614865,16.737700086219576,12.585444871751287,12.585444871751287,0.32911117980044496,0.32911117980044496,0.32911117980044496,0.32911117980044496,0.32911117980044496,0.32911117980044496,0.0,0.0,0.0,12.914556051551733,406180.77154356753,18581927.608765453,11180.02322818821
2009-04-05,12.583957362141623,9.628596080091206,16.908730680974806,12.583957362141623,12.583957362141623,0.5425058945122692,0.5425058945122692,0.5425058945122692,0.5425058945122692,0.5425058945122692,0.5425058945122692,0.0,0.0,0.0,13.126463256653892,502053.14762604726,22047959.93493145,15192.091244075546
2009-04-12,12.582469852531958,9.528414239255447,16.6375088176043,12.582469852531958,12.582469852531958,0.580702910802646,0.580702910802646,0.580702910802646,0.580702910802646,0.580702910802646,0.580702910802646,0.0,0.0,0.0,13.163172763334604,520825.76640078536,16810407.693377912,13743.777864123122
2009-04-19,12.580982342922292,9.559311850507115,16.432493953400872,12.580982342922292,12.580982342922292,0.5087385932320924,0.5087385932320924,0.5087385932320924,0.5087385932320924,0.5087385932320924,0.5087385932320924,0.0,0.0,0.0,13.089720936154384,483941.28666173085,13694349.772710886,14175.087574810594
2009-04-26,12.579494833312625,9.288343793133336,16.71428443075541,12.579494833312625,12.579494833312625,0.5993934170892697,0.5993934170892697,0.5993934170892697,0.5993934170892697,0.5993934170892697,0.5993934170892697,0.0,0.0,0.0,13.178888250401894,529075.4669541278,18151874.21112131,10810.263573669276
2009-05-03,12.57800732370296,9.81135482337351,17.071126729156486,12.57800732370296,12.57800732370296,0.9175318456555036,0.9175318456555036,0.9175318456555036,0.9175318456555036,0.9175318456555036,0.9175318456555036,0.0,0.0,0.0,13.495539169358464,726168.8135072512,25935589.375209223,18238.681892526158
2009-05-10,12.576519814093295,9.851442430749925,17.290098422952425,12.576519814093295,12.576519814093295,1.183179406613531,1.183179406613531,1.183179406613531,1.183179406613531,1.183179406613531,1.183179406613531,0.0,0.0,0.0,13.759699220706826,945716.5407256075,32284519.21326543,18984.720647902286
2009-05-17,12.57503230448363,9.886369934352267,17.246622023793126,12.57503230448363,12.57503230448363,1.0870983513615327,1.0870983513615327,1.0870983513615327,1.0870983513615327,1.0870983513615327,1.0870983513615327,0.0,0.0,0.0,13.662130655845163,857802.778428816,30910979.161898233,19659.561117208097
2009-05-24,12.573544794873964,9.650585081568387,16.968545226791957,12.573544794873964,12.573544794873964,0.6553669597304272,0.6553669597304272,0.6553669597304272,0.6553669597304272,0.6553669597304272,0.6553669597304272,0.0,0.0,0.0,13.228911754604392,556214.8707384387,23406988.370881725,15529.872273555991
2009-05-31,12.5720572852643,9.331906207308894,16.397556461152924,12.5720572852643,12.5720572852643,0.21507145853955673,0.21507145853955673,0.21507145853955673,0.21507145853955673,0.21507145853955673,0.21507145853955673,0.0,0.0,0.0,12.787128743803857,357584.1318454959,13224164.865307303,11291.637089299284
2009-06-07,12.570569775654635,9.118397981510483,16.187782751861988,12.570569775654635,12.570569775654635,0.026426100819239,0.026426100819239,0.026426100819239,0.026426100819239,0.026426100819239,0.026426100819239,0.0,0.0,0.0,12.596995876473873,295668.00358096394,10721725.469104277,9120.576970115919
2009-06-14,12.569082266044967,9.013231757107508,16.397047844366814,12.569082266044967,12.569082266044967,0.04375178436781375,0.04375178436781375,0.04375178436781375,0.04375178436781375,0.04375178436781375,0.04375178436781375,0.0,0.0,0.0,12.612834050412781,300388.1411990812,13217440.542762524,8210.014446435596
2009-06-21,12.567594756435302,8.822535936910363,16.68891867294242,12.567594756435302,12.567594756435302,0.06274410932021454,0.06274410932021454,0.06274410932021454,0.06274410932021454,0.06274410932021454,0.06274410932021454,0.0,0.0,0.0,12.630338865755515,305692.6897680019,17697228.731364287,6784.450299033655
2009-06-28,12.566107246825638,8.819256157543526,16.3004753477202,12.566107246825638,12.566107246825638,0.00891959488664934,0.00891959488664934,0.00891959488664934,0.00891959488664934,0.00891959488664934,0.00891959488664934,0.0,0.0,0.0,12.575026841712287,289243.2719395708,12000696.699897055,6762.231974665887
2009-07-05,12.564619737215972,8.960366078028715,16.24678814833123,12.564619737215972,12.564619737215972,-0.01725366338374425,-0.01725366338374425,-0.01725366338374425,-0.01725366338374425,-0.01725366338374425,-0.01725366338374425,0.0,0.0,0.0,12.547366073832228,281352.1930510542,11373402.35246999,7787.208032225648
2009-07-12,12.563132227606307,9.001106926499402,16.44643314008813,12.563132227606307,12.563132227606307,0.04842377441601778,0.04842377441601778,0.04842377441601778,0.04842377441601778,0.04842377441601778,0.04842377441601778,0.0,0.0,0.0,12.611556002022324,300004.47456514655,13886574.50043182,8111.058412032666
2009-07-19,12.561644717996643,9.152802373610212,16.13816211422572,12.561644717996643,12.561644717996643,0.10627135596736818,0.10627135596736818,0.10627135596736818,0.10627135596736818,0.10627135596736818,0.10627135596736818,0.0,0.0,0.0,12.667916073964012,317398.36103939137,10202690.48194573,9439.860159788994
2009-07-26,12.560157208386975,8.643345432236279,16.403663711313587,12.560157208386975,12.560157208386975,0.04596760601882382,0.04596760601882382,0.04596760601882382,0.04596760601882382,0.04596760601882382,0.04596760601882382,0.0,0.0,0.0,12.6061248144058,298379.5052976961,13305175.278043833,5671.274327379651
2009-08-02,12.55866969877731,8.503546041032578,16.1857005892842,12.55866969877731,12.55866969877731,-0.04784640319559733,-0.04784640319559733,-0.04784640319559733,-0.04784640319559733,-0.04784640319559733,-0.04784640319559733,0.0,0.0,0.0,12.510823295581712,271256.3541604973,10699424.316850387,4931.227748981142
2009-08-09,12.557182189167644,8.917260890257216,16.259503906267465,12.557182189167644,12.557182189167644,0.029633512425465573,0.029633512425465573,0.029633512425465573,0.029633512425465573,0.029633512425465573,0.029633512425465573,0.0,0.0,0.0,12.58681570159311,292673.3105302869,11518947.191787774,7458.628479314683
2009-08-16,12.555694679557979,9.160550285413917,16.421070409232918,12.555694679557979,12.555694679557979,0.2999300897047299,0.2999300897047299,0.2999300897047299,0.2999300897047299,0.2999300897047299,0.2999300897047299,0.0,0.0,0.0,12.85562476926271,382935.61916614557,13538801.897364754,9513.291212980725
2009-08-23,12.554207169948315,9.21156098384892,16.581955634928423,12.554207169948315,12.554207169948315,0.4789711242226707,0.4789711242226707,0.4789711242226707,0.4789711242226707,0.4789711242226707,0.4789711242226707,0.0,0.0,0.0,13.033178294170986,457337.1333330518,15902002.01318849,10011.213571225979
2009-08-30,12.55271966033865,9.140855027672107,16.293229166754845,12.55271966033865,12.55271966033865,0.2609663844577371,0.2609663844577371,0.2609663844577371,0.2609663844577371,0.2609663844577371,0.2609663844577371,0.0,0.0,0.0,12.813686044796386,367207.8522220379,11914051.774181552,9327.73805199195
2009-09-06,12.551232150728984,8.592011236420491,15.95689949058265,12.551232150728984,12.551232150728984,-0.29691092787379564,-0.29691092787379564,-0.29691092787379564,-0.29691092787379564,-0.29691092787379564,-0.29691092787379564,0.0,0.0,0.0,12.254321222855188,209885.29755532555,8511249.977119954,5387.440211602751
2009-09-13,12.549744641119316,8.05713330261665,15.660475520764694,12.549744641119316,12.549744641119316,-0.7789702546082928,-0.7789702546082928,-0.7789702546082928,-0.7789702546082928,-0.7789702546082928,-0.7789702546082928,0.0,0.0,0.0,11.770774386511023,129413.32866805351,6327877.075390907,3155.2291990963877
2009-09-20,12.548257131509652,8.000284054816508,15.52780186296309,12.548257131509652,12.548257131509652,-0.8478785389556779,-0.8478785389556779,-0.8478785389556779,-0.8478785389556779,-0.8478785389556779,-0.8478785389556779,0.0,0.0,0.0,11.700378592553974,120616.37118196691,5541643.539528592,2980.8048627896274
2009-09-27,12.546769621899987,8.31550628970352,15.50059058510473,12.546769621899987,12.546769621899987,-0.6118816234148602,-0.6118816234148602,-0.6118816234148602,-0.6118816234148602,-0.6118816234148602,-0.6118816234148602,0.0,0.0,0.0,11.934887998485127,152494.13890444528,5392881.492045686,4085.753995095155
2009-10-04,12.545282112290321,8.58286792937228,15.354872426443746,12.545282112290321,12.545282112290321,-0.47640561140464227,-0.47640561140464227,-0.47640561140464227,-0.47640561140464227,-0.47640561140464227,-0.47640561140464227,0.0,0.0,0.0,12.068876500885679,174358.8421229064,4661613.598442062,5338.396600305839
2009-10-11,12.543794602680657,8.040669054073355,15.700261218569702,12.543794602680657,12.543794602680657,-0.6541558429869462,-0.6541558429869462,-0.6541558429869462,-0.6541558429869462,-0.6541558429869462,-0.6541558429869462,0.0,0.0,0.0,11.889638759693712,145747.6380427153,6584711.409106312,3103.6897008923843
2009-10-18,12.542307093070992,7.68614425371303,15.22964267769902,12.542307093070992,12.542307093070992,-0.9292234285613509,-0.9292234285613509,-0.9292234285613509,-0.9292234285613509,-0.9292234285613509,-0.9292234285613509,0.0,0.0,0.0,11.613083664509642,110533.57694361977,4112914.398460917,2176.960687934218
2009-10-25,12.540819583461325,7.721419787724882,15.149512507934237,12.540819583461325,12.540819583461325,-0.9567644899826572,-0.9567644899826572,-0.9567644899826572,-0.9567644899826572,-0.9567644899826572,-0.9567644899826572,0.0,0.0,0.0,11.584055093478668,107371.04016217329,3796204.2523166453,2255.1605767557053
2009-11-01,12.539332073851659,8.143566742770945,15.284725888020887,12.539332073851659,12.539332073851659,-0.712565375761346,-0.712565375761346,-0.712565375761346,-0.712565375761346,-0.712565375761346,-0.712565375761346,0.0,0.0,0.0,11.826766698090314,136866.2419446792,4345822.765547776,3440.1697727136934
2009-11-08,12.537844564241993,8.273900686741811,15.654730346995722,12.537844564241993,12.537844564241993,-0.5223957764432471,-0.5223957764432471,-0.5223957764432471,-0.5223957764432471,-0.5223957764432471,-0.5223957764432471,0.0,0.0,0.0,12.015448787798746,165287.6779972464,6291626.548756391,3919.2107211761254
2009-11-15,12.536357054632328,8.007109975454698,15.631727164455267,12.536357054632328,12.536357054632328,-0.6353493033962682,-0.6353493033962682,-0.6353493033962682,-0.6353493033962682,-0.6353493033962682,-0.6353493033962682,0.0,0.0,0.0,11.90100775123606,147414.10816853016,6148550.997227437,3001.2280503720103
2009-11-22,12.534872404605608,8.214621872623068,15.217270957419581,12.534872404605608,12.534872404605608,-0.8862299785720901,-0.8862299785720901,-0.8862299785720901,-0.8862299785720901,-0.8862299785720901,-0.8862299785720901,0.0,0.0,0.0,11.648642426033518,114534.76668964453,4062344.0258912803,3693.5789389873025
2009-11-29,12.533387754578886,8.360436555016788,15.505125806366761,12.533387754578886,12.533387754578886,-0.8832421970717105,-0.8832421970717105,-0.8832421970717105,-0.8832421970717105,-0.8832421970717105,-0.8832421970717105,0.0,0.0,0.0,11.650145557507175,114707.0584615679,5417394.952353916,4273.560439935906
2009-12-06,12.531903104552164,8.347496136770829,16.071708952648994,12.531903104552164,12.531903104552164,-0.4932083293071354,-0.4932083293071354,-0.4932083293071354,-0.4932083293071354,-0.4932083293071354,-0.4932083293071354,0.0,0.0,0.0,12.038694775245029,169174.98361077253,9546726.204757746,4218.602198256786
2009-12-13,12.530418454525442,8.850062158485203,16.248637434631696,12.530418454525442,12.530418454525442,-0.017516760952116937,-0.017516760952116937,-0.017516760952116937,-0.017516760952116937,-0.017516760952116937,-0.017516760952116937,0.0,0.0,0.0,12.512901693573326,271820.7211870825,11394454.491195643,6973.822501033091
2009-12-20,12.52893380449872,8.795868348366058,16.274278809623826,12.52893380449872,12.52893380449872,0.16024286688523867,0.16024286688523867,0.16024286688523867,0.16024286688523867,0.16024286688523867,0.16024286688523867,0.0,0.0,0.0,12.68917667138396,324218.7064800045,11690402.03343996,6605.890168365997
2009-12-27,12.527449154471999,9.018755246018644,16.391807164425593,12.527449154471999,12.527449154471999,0.01056945811030355,0.01056945811030355,0.01056945811030355,0.01056945811030355,0.01056945811030355,0.01056945811030355,0.0,0.0,0.0,12.538018612582302,278734.50839440856,13148353.352044072,8255.493379244115
2010-01-03,12.525964504445275,8.50924472050695,16.260544894613503,12.525964504445275,12.525964504445275,-0.1629122235722148,-0.1629122235722148,-0.1629122235722148,-0.1629122235722148,-0.1629122235722148,-0.1629122235722148,0.0,0.0,0.0,12.36305228087306,233993.35751680395,11530944.526073208,4959.4151732832925
2010-01-10,12.524479854418553,8.881311252696422,15.831406809051735,12.524479854418553,12.524479854418553,-0.15181075329089064,-0.15181075329089064,-0.15181075329089064,-0.15181075329089064,-0.15181075329089064,-0.15181075329089064,0.0,0.0,0.0,12.372669101127663,236254.49423994403,7507451.929714998,7195.220615658443
2010-01-17,12.522995204391835,8.76571051709395,15.738939619198392,12.522995204391835,12.522995204391835,-0.10726001300505442,-0.10726001300505442,-0.10726001300505442,-0.10726001300505442,-0.10726001300505442,-0.10726001300505442,0.0,0.0,0.0,12.41573519138678,246651.36408372503,6844387.101420929,6409.615179136925
2010-01-24,12.521510554365113,8.474801001520259,15.681703649754773,12.521510554365113,12.521510554365113,-0.2878022156405836,-0.2878022156405836,-0.2878022156405836,-0.2878022156405836,-0.2878022156405836,-0.2878022156405836,0.0,0.0,0.0,12.23370833872453,205603.22022209252,6463642.006833855,4791.468976333115
2010-01-31,12.520025904338391,8.167565969987699,15.534541566400579,12.520025904338391,12.520025904338391,-0.6221456618025725,-0.6221456618025725,-0.6221456618025725,-0.6221456618025725,-0.6221456618025725,-0.6221456618025725,0.0,0.0,0.0,11.89788024253582,146953.7863406595,5579118.724241895,3523.754156536495
2010-02-07,12.518541254311668,8.3644873398715,15.360850374580773,12.518541254311668,12.518541254311668,-0.686134498110557,-0.686134498110557,-0.686134498110557,-0.686134498110557,-0.686134498110557,-0.686134498110557,0.0,0.0,0.0,11.832406756201111,137640.3621320536,4689563.948381754,4290.910882356168
2010-02-14,12.517056604284946,8.724786820401228,16.127916616428838,12.517056604284946,12.517056604284946,-0.18324711510320513,-0.18324711510320513,-0.18324711510320513,-0.18324711510320513,-0.18324711510320513,-0.18324711510320513,0.0,0.0,0.0,12.333809489181741,227249.79018189685,10098692.49414537,6152.564709246839
2010-02-21,12.515571954258224,9.192551632186479,17.059037262534225,12.515571954258224,12.515571954258224,0.6398265555703015,0.6398265555703015,0.6398265555703015,0.6398265555703015,0.6398265555703015,0.6398265555703015,0.0,0.0,0.0,13.155398509828526,516792.42550756794,25623929.617043465,9822.68545823439
2010-02-28,12.514087304231502,10.04351825315937,17.315279954419847,12.514087304231502,12.514087304231502,1.1779616785865543,1.1779616785865543,1.1779616785865543,1.1779616785865543,1.1779616785865543,1.1779616785865543,0.0,0.0,0.0,13.692048982818056,883854.6026138887,33107815.298534304,23005.18227043678
2010-03-07,12.51260265420478,10.056564714943509,17.32183012928097,12.51260265420478,12.51260265420478,1.0791528495153695,1.0791528495153695,1.0791528495153695,1.0791528495153695,1.0791528495153695,1.0791528495153695,0.0,0.0,0.0,13.59175550372015,799509.9471999174,33325389.079803288,23307.298033855543
2010-03-14,12.511118004178062,9.266874268378281,16.979798467351085,12.511118004178062,12.511118004178062,0.5888259267165414,0.5888259267165414,0.5888259267165414,0.5888259267165414,0.5888259267165414,0.5888259267165414,0.0,0.0,0.0,13.099943930894604,488914.00082022295,23671880.505103465,10580.624820933148
2010-03-21,12.509633354151338,9.175559262805164,16.29059213619264,12.509633354151338,12.509633354151338,0.24325074542946068,0.24325074542946068,0.24325074542946068,0.24325074542946068,0.24325074542946068,0.24325074542946068,0.0,0.0,0.0,12.752884099580799,345546.0524922388,11882675.441253142,9657.168015619081
2010-03-28,12.508148704124617,9.095264704744352,16.206032337365546,12.508148704124617,12.508148704124617,0.2912717049107157,0.2912717049107157,0.2912717049107157,0.2912717049107157,0.2912717049107157,0.2912717049107157,0.0,0.0,0.0,12.799420409035333,362006.572477529,10919188.865255568,8911.986992498818
2010-04-04,12.506664054097895,9.341896423774244,16.709254412787867,12.506664054097895,12.506664054097895,0.512769109070972,0.512769109070972,0.512769109070972,0.512769109070972,0.512769109070972,0.512769109070972,0.0,0.0,0.0,13.019433163168866,451093.9656494124,18060799.199162673,11405.018387145634
2010-04-11,12.505179404071173,9.32697165815662,16.733714131787018,12.505179404071173,12.505179404071173,0.58876604693909,0.58876604693909,0.58876604693909,0.58876604693909,0.58876604693909,0.58876604693909,0.0,0.0,0.0,13.093945451010264,485990.03247276356,18508008.305417385,11236.05027724531
2010-04-18,12.503694754044451,9.450107751224005,16.88742232330669,12.503694754044451,12.503694754044451,0.517049798045211,0.517049798045211,0.517049798045211,0.517049798045211,0.517049798045211,0.517049798045211,0.0,0.0,0.0,13.020744552089662,451685.914642434,21583124.1292207,12708.53465780365
2010-04-25,12.50221010401773,9.355564028312163,16.727358104891422,12.50221010401773,12.50221010401773,0.5632444998273752,0.5632444998273752,0.5632444998273752,0.5632444998273752,0.5632444998273752,0.5632444998273752,0.0,0.0,0.0,13.065454603845104,472339.1226260747,18390743.962926283,11561.981547585074
2010-05-02,12.500725453991008,9.697236750266665,17.205885343895293,12.500725453991008,12.500725453991008,0.8534572163795451,0.8534572163795451,0.8534572163795451,0.8534572163795451,0.8534572163795451,0.8534572163795451,0.0,0.0,0.0,13.354182670370552,630444.9281063038,29677071.735676866,16271.57981388118
2010-05-09,12.499240803964287,10.097462464677406,17.471990253128872,12.499240803964287,12.499240803964287,1.1564165412461735,1.1564165412461735,1.1564165412461735,1.1564165412461735,1.1564165412461735,1.1564165412461735,0.0,0.0,0.0,13.65565734521046,852267.8819871543,38724778.61129515,24280.316485245694
2010-05-16,12.497756153937566,10.08049994081918,17.36443778458295,12.497756153937566,12.497756153937566,1.1351154322320243,1.1351154322320243,1.1351154322320243,1.1351154322320243,1.1351154322320243,1.1351154322320243,0.0,0.0,0.0,13.632871586169589,833067.8628084011,34775989.712450914,23871.917605171482
2010-05-23,12.496271503910844,9.33682004965668,16.787348373101704,12.496271503910844,12.496271503910844,0.7440124039198929,0.7440124039198929,0.7440124039198929,0.7440124039198929,0.7440124039198929,0.7440124039198929,0.0,0.0,0.0,13.240283907830737,562576.3461253607,19527774.07870466,11347.263886372799
2010-05-30,12.494786853884122,9.331433312355859,16.663160012420217,12.494786853884122,12.494786853884122,0.2790601387548357,0.2790601387548357,0.2790601387548357,0.2790601387548357,0.2790601387548357,0.2790601387548357,0.0,0.0,0.0,12.773846992638958,352866.17581871565,17247192.842652094,11286.298120698451
2010-06-06,12.4933022038574,8.800497897488725,16.105749746942028,12.4933022038574,12.4933022038574,0.03983692522536293,0.03983692522536293,0.03983692522536293,0.03983692522536293,0.03983692522536293,0.03983692522536293,0.0,0.0,0.0,12.533139129082763,277377.73594683665,9877298.93992439,6636.548002165573
2010-06-13,12.491817553830678,8.932669474952611,16.172740209021025,12.491817553830678,12.491817553830678,0.035007294235971056,0.035007294235971056,0.035007294235971056,0.035007294235971056,0.035007294235971056,0.035007294235971056,0.0,0.0,0.0,12.52682484806665,275631.80660528986,10561650.42565804,7574.460911677784
2010-06-20,12.490332903803957,8.870245178326169,16.396440944491474,12.490332903803957,12.490332903803957,0.06556340014957698,0.06556340014957698,0.06556340014957698,0.06556340014957698,0.06556340014957698,0.06556340014957698,0.0,0.0,0.0,12.555896303953533,283762.46600939875,13209421.312818877,7116.025699724831
2010-06-27,12.488848253777235,8.743462980436194,16.146181402601744,12.488848253777235,12.488848253777235,0.020391642583790306,0.020391642583790306,0.020391642583790306,0.020391642583790306,0.020391642583790306,0.020391642583790306,0.0,0.0,0.0,12.509239896361025,270827.1853397682,10284837.748226367,6268.569559269588
2010-07-04,12.487363603750515,8.81803500574321,16.285497471300992,12.487363603750515,12.487363603750515,-0.019652817115378158,-0.019652817115378158,-0.019652817115378158,-0.019652817115378158,-0.019652817115378158,-0.019652817115378158,0.0,0.0,0.0,12.467710786635136,259810.27645232316,11822291.136277603,6753.978082417452
2010-07-11,12.485878953723793,9.006200665064512,16.179224646696753,12.485878953723793,12.485878953723793,0.03274327332337932,0.03274327332337932,0.03274327332337932,0.03274327332337932,0.03274327332337932,0.03274327332337932,0.0,0.0,0.0,12.518622227047173,273380.14255050133,10630359.324611567,8152.484534155655
2010-07-18,12.484394303697071,8.860602318528008,16.356269541473715,12.484394303697071,12.484394303697071,0.10328568600399125,0.10328568600399125,0.10328568600399125,0.10328568600399125,0.10328568600399125,0.10328568600399125,0.0,0.0,0.0,12.587679989701062,292926.37480084784,12689297.285030076,7047.7270451247605
2010-07-25,12.48290965367035,8.892648377385626,16.12361539288365,12.48290965367035,12.48290965367035,0.06462795176592286,0.06462795176592286,0.06462795176592286,0.06462795176592286,0.06462795176592286,0.06462795176592286,0.0,0.0,0.0,12.547537605436272,281400.45815493824,10055349.037683485,7277.269285257647
2010-08-01,12.481425769973907,8.698634510292948,16.082713637288304,12.481425769973907,12.481425769973907,-0.038345203873504444,-0.038345203873504444,-0.038345203873504444,-0.038345203873504444,-0.038345203873504444,-0.038345203873504444,0.0,0.0,0.0,12.443080566100402,253489.23133428488,9652365.122372884,5993.720896271032
2010-08-08,12.47994188627746,8.766431585668007,15.957759531393036,12.47994188627746,12.47994188627746,-0.0021509736424404533,-0.0021509736424404533,-0.0021509736424404533,-0.0021509736424404533,-0.0021509736424404533,-0.0021509736424404533,0.0,0.0,0.0,12.47779091263502,262442.45089249185,8518573.148969643,6414.239339250886
2010-08-15,12.478458002581014,9.06811042421768,16.070555234885802,12.478458002581014,12.478458002581014,0.24732800937895214,0.24732800937895214,0.24732800937895214,0.24732800937895214,0.24732800937895214,0.24732800937895214,0.0,0.0,0.0,12.725786011959967,336308.1186397109,9535718.327214219,8673.217718591566
2010-08-22,12.476974118884572,9.320300742678796,16.735691728327858,12.476974118884572,12.476974118884572,0.4704344099338874,0.4704344099338874,0.4704344099338874,0.4704344099338874,0.4704344099338874,0.4704344099338874,0.0,0.0,0.0,12.947408528818459,419746.4621482444,18544645.8958432,11161.338340197864
2010-08-29,12.475490235188126,9.240062651265283,16.57018869759462,12.475490235188126,12.475490235188126,0.3327143796722689,0.3327143796722689,0.3327143796722689,0.3327143796722689,0.3327143796722689,0.3327143796722689,0.0,0.0,0.0,12.808204614860394,365200.52915309963,15715980.736983443,10300.683951229767
2010-09-05,12.47400635149168,8.868279454837841,15.922049361935557,12.47400635149168,12.47400635149168,-0.18878942113574043,-0.18878942113574043,-0.18878942113574043,-0.18878942113574043,-0.18878942113574043,-0.18878942113574043,0.0,0.0,0.0,12.285216930355938,216471.09579952655,8219740.854157822,7102.049336473085
2010-09-12,12.472522467795233,8.126861075798107,15.327980851516335,12.472522467795233,12.472522467795233,-0.7183433526636698,-0.7183433526636698,-0.7183433526636698,-0.7183433526636698,-0.7183433526636698,-0.7183433526636698,0.0,0.0,0.0,11.754179115131564,127283.38514135852,4537925.971435855,3383.1602533580003
2010-09-19,12.47103858409879,8.204223038424095,15.024604371695364,12.47103858409879,12.47103858409879,-0.8673506367223678,-0.8673506367223678,-0.8673506367223678,-0.8673506367223678,-0.8673506367223678,-0.8673506367223678,0.0,0.0,0.0,11.603687947376423,109499.88904919068,3350446.1472845254,3655.358692582431
2010-09-26,12.469554700402345,8.25294681696008,15.417669068594531,12.469554700402345,12.469554700402345,-0.6586757428295841,-0.6586757428295841,-0.6586757428295841,-0.6586757428295841,-0.6586757428295841,-0.6586757428295841,0.0,0.0,0.0,11.810878957572761,134708.91363477238,4963734.144347092,3837.9217694987783
2010-10-03,12.468070816705898,8.248314484364068,15.75724699213625,12.468070816705898,12.468070816705898,-0.47797562082782835,-0.47797562082782835,-0.47797562082782835,-0.47797562082782835,-0.47797562082782835,-0.47797562082782835,0.0,0.0,0.0,11.99009519587807,161149.69433794316,6970843.880717531,3820.179732287491
2010-10-10,12.466586933009456,8.201640798869633,15.458725058763445,12.466586933009456,12.466586933009456,-0.6044437500226983,-0.6044437500226983,-0.6044437500226983,-0.6044437500226983,-0.6044437500226983,-0.6044437500226983,0.0,0.0,0.0,11.862143182986758,141794.78717133706,5171766.471536096,3645.9292782840125
2010-10-17,12.46510304931301,8.287640171529045,15.387844327989235,12.46510304931301,12.46510304931301,-0.8905539753256904,-0.8905539753256904,-0.8905539753256904,-0.8905539753256904,-0.8905539753256904,-0.8905539753256904,0.0,0.0,0.0,11.574549073987319,106355.1954251732,4817877.905101748,3973.444113024283
2010-10-24,12.463619165616564,7.868854309950741,15.23368672986541,12.463619165616564,12.463619165616564,-0.9771407888031405,-0.9771407888031405,-0.9771407888031405,-0.9771407888031405,-0.9771407888031405,-0.9771407888031405,0.0,0.0,0.0,11.486478376813423,97388.95732937733,4129580.920315962,2613.56838659969
2010-10-31,12.462135281920117,7.955986862887246,15.554362072908617,12.462135281920117,12.462135281920117,-0.7636296112956212,-0.7636296112956212,-0.7636296112956212,-0.7636296112956212,-0.7636296112956212,-0.7636296112956212,0.0,0.0,0.0,11.698505670624495,120390.67568340365,5690802.864905106,2851.6020675593086
2010-11-07,12.460651398223675,8.342344582375775,15.86549604798327,12.460651398223675,12.460651398223675,-0.5365850238486998,-0.5365850238486998,-0.5365850238486998,-0.5365850238486998,-0.5365850238486998,-0.5365850238486998,0.0,0.0,0.0,11.924066374374975,150852.79087611657,7767787.395026992,4196.920582967044
2010-11-14,12.459167514527229,8.103619995754839,15.417358551955857,12.459167514527229,12.459167514527229,-0.5947614550193326,-0.5947614550193326,-0.5947614550193326,-0.5947614550193326,-0.5947614550193326,-0.5947614550193326,0.0,0.0,0.0,11.864406059507896,142116.01684339048,4962193.061273153,3305.415647764537
2010-11-21,12.457683630830783,7.8392708280961525,15.216946222596638,12.457683630830783,12.457683630830783,-0.8494943972897376,-0.8494943972897376,-0.8494943972897376,-0.8494943972897376,-0.8494943972897376,-0.8494943972897376,0.0,0.0,0.0,11.608189233541045,109993.89488278245,4061025.0551680173,2537.3532629707465
2010-11-28,12.45619974713434,8.040205197815297,15.36041654435184,12.45619974713434,12.45619974713434,-0.9146105701560293,-0.9146105701560293,-0.9146105701560293,-0.9146105701560293,-0.9146105701560293,-0.9146105701560293,0.0,0.0,0.0,11.541589176978311,102906.8469547515,4687529.91459118,3102.249905100257
2010-12-05,12.454715863437894,8.206851121831308,15.373046384107008,12.454715863437894,12.454715863437894,-0.5819794115362804,-0.5819794115362804,-0.5819794115362804,-0.5819794115362804,-0.5819794115362804,-0.5819794115362804,0.0,0.0,0.0,11.872736451901613,143304.85221712643,4747108.118518781,3664.980546172074
2010-12-12,12.453231979741448,8.657576802421916,15.978030242694157,12.453231979741448,12.453231979741448,-0.08872154756626219,-0.08872154756626219,-0.08872154756626219,-0.08872154756626219,-0.08872154756626219,-0.08872154756626219,0.0,0.0,0.0,12.364510432175186,234334.80557487338,8693012.74045314,5752.575705962446
2010-12-19,12.451748096045002,8.964031443175347,16.383144953195455,12.451748096045002,12.451748096045002,0.15776551429828192,0.15776551429828192,0.15776551429828192,0.15776551429828192,0.15776551429828192,0.15776551429828192,0.0,0.0,0.0,12.609513610343283,299392.3711704436,13034951.394255834,7815.8070393849985
2010-12-26,12.450264212348559,8.920922299631242,16.293544049560307,12.450264212348559,12.450264212348559,0.04935190789242948,0.04935190789242948,0.04935190789242948,0.04935190789242948,0.04935190789242948,0.04935190789242948,0.0,0.0,0.0,12.499616120240988,268233.29703704483,11917803.895251712,7485.9912956230255
2011-01-02,12.448780328652113,8.561922631428438,15.98854312547952,12.448780328652113,12.448780328652113,-0.1440132646950538,-0.1440132646950538,-0.1440132646950538,-0.1440132646950538,-0.1440132646950538,-0.1440132646950538,0.0,0.0,0.0,12.304767063957058,220744.79375717964,8784883.441782324,5227.724424531423
2011-01-09,12.447296444955667,8.409563618481917,15.834811763718179,12.447296444955667,12.447296444955667,-0.16473459834820872,-0.16473459834820872,-0.16473459834820872,-0.16473459834820872,-0.16473459834820872,-0.16473459834820872,0.0,0.0,0.0,12.282561846607457,215897.10658787674,7533058.035676972,4488.800817895935
2011-01-16,12.445812561259224,8.556094431988292,16.131691050862837,12.445812561259224,12.445812561259224,-0.10383064345794646,-0.10383064345794646,-0.10383064345794646,-0.10383064345794646,-0.10383064345794646,-0.10383064345794646,0.0,0.0,0.0,12.341981917801277,229114.59063876554,10136881.375985702,5197.339007912464
2011-01-23,12.444328677562778,8.310871186544194,16.02831377571832,12.444328677562778,12.444328677562778,-0.23600644152295003,-0.23600644152295003,-0.23600644152295003,-0.23600644152295003,-0.23600644152295003,-0.23600644152295003,0.0,0.0,0.0,12.208322236039828,200449.4245473708,9141304.580349503,4066.8553012740513
2011-01-30,12.442844793866332,8.111548675064249,15.672552629712227,12.442844793866332,12.442844793866332,-0.5682174376840612,-0.5682174376840612,-0.5682174376840612,-0.5682174376840612,-0.5682174376840612,-0.5682174376840612,0.0,0.0,0.0,11.87462735618227,143576.08622448292,6404762.8929891335,3331.7353594962415
2011-02-06,12.44136091016989,7.808393278702409,15.197369805166595,12.44136091016989,12.44136091016989,-0.7137663062492995,-0.7137663062492995,-0.7137663062492995,-0.7137663062492995,-0.7137663062492995,-0.7137663062492995,0.0,0.0,0.0,11.72759460392059,123944.17428131831,3982297.82670525,2460.172837943228
2011-02-13,12.439877026473443,8.531379771319088,15.808160668793823,12.439877026473443,12.439877026473443,-0.3112485387262355,-0.3112485387262355,-0.3112485387262355,-0.3112485387262355,-0.3112485387262355,-0.3112485387262355,0.0,0.0,0.0,12.128628487747207,185094.74074726255,7334945.449081301,5070.43843491484
2011-02-20,12.438393142776997,9.38788035980443,16.620394529591614,12.438393142776997,12.438393142776997,0.49594501692131543,0.49594501692131543,0.49594501692131543,0.49594501692131543,0.49594501692131543,0.49594501692131543,0.0,0.0,0.0,12.934338159698312,414295.90586703084,16525157.407584716,11941.758134437416
2011-02-27,12.43690925908055,10.038750370098237,17.19071977939359,12.43690925908055,12.43690925908055,1.12603424769317,1.12603424769317,1.12603424769317,1.12603424769317,1.12603424769317,1.12603424769317,0.0,0.0,0.0,13.56294350677372,776803.1254516337,29230397.767329123,22895.752565010396
2011-03-06,12.435425375384108,9.508006724460797,17.2317025078351,12.435425375384108,12.435425375384108,1.1397529705786105,1.1397529705786105,1.1397529705786105,1.1397529705786105,1.1397529705786105,1.1397529705786105,0.0,0.0,0.0,13.575178345962719,786365.5772535619,30453225.5224505,13466.123856713395
2011-03-13,12.433941491687662,9.183851363683656,16.57708712002472,12.433941491687662,12.433941491687662,0.6803854853078624,0.6803854853078624,0.6803854853078624,0.6803854853078624,0.6803854853078624,0.6803854853078624,0.0,0.0,0.0,13.114326976995525,495996.9025635109,15824771.027170122,9737.587481471857
2011-03-20,12.432457607991216,9.144055543944464,16.28627878851771,12.432457607991216,12.432457607991216,0.27637456703583035,0.27637456703583035,0.27637456703583035,0.27637456703583035,0.27637456703583035,0.27637456703583035,0.0,0.0,0.0,12.708832175027046,330654.44979316066,11831531.7061028,9357.642659492549
2011-03-27,12.430973724294773,9.332179785946266,16.374587645467475,12.430973724294773,12.430973724294773,0.2592334378260079,0.2592334378260079,0.2592334378260079,0.2592334378260079,0.2592334378260079,0.2592334378260079,0.0,0.0,0.0,12.690207162120782,324552.9840896363,12923883.195546057,11294.7269362053
2011-04-03,12.429489840598327,9.612794520961817,16.72671119874787,12.429489840598327,12.429489840598327,0.4773759089260402,0.4773759089260402,0.4773759089260402,0.4773759089260402,0.4773759089260402,0.4773759089260402,0.0,0.0,0.0,12.906865749524368,403069.0912585652,18378850.724344604,14953.903539032219
2011-04-10,12.42800595690188,9.172617498195901,16.793368468407575,12.42800595690188,12.42800595690188,0.591277122464046,0.591277122464046,0.591277122464046,0.591277122464046,0.591277122464046,0.591277122464046,0.0,0.0,0.0,13.019283079365925,451026.2686817164,19645687.71534111,9628.797708602655
2011-04-17,12.42654098814516,9.061693640705874,16.717096248127863,12.42654098814516,12.42654098814516,0.5295638066251162,0.5295638066251162,0.5295638066251162,0.5295638066251162,0.5295638066251162,0.5295638066251162,0.0,0.0,0.0,12.956104794770276,423412.615529711,18202985.79372514,8617.73534093445
2011-04-24,12.42507601938844,9.465677368561504,16.4134734074855,12.42507601938844,12.42507601938844,0.5359986949986539,0.5359986949986539,0.5359986949986539,0.5359986949986539,0.5359986949986539,0.5359986949986539,0.0,0.0,0.0,12.961074714387093,425522.18501673476,13436337.292792294,12907.965753175777
2011-05-01,12.423611050631719,9.723001214783885,16.84820375454012,12.423611050631719,12.423611050631719,0.7901220517470197,0.7901220517470197,0.7901220517470197,0.7901220517470197,0.7901220517470197,0.7901220517470197,0.0,0.0,0.0,13.213733102378738,547836.0142161916,20753048.43445866,16696.28173478047
2011-05-08,12.422146081874997,9.639321826409295,17.298758821101657,12.422146081874997,12.422146081874997,1.1184133623994303,1.1184133623994303,1.1184133623994303,1.1184133623994303,1.1184133623994303,1.1184133623994303,0.0,0.0,0.0,13.540559444274427,759608.2568110225,32565330.224826593,15355.925538442805
2011-05-15,12.42068111311828,10.071033272156473,17.223353248209317,12.42068111311828,12.42068111311828,1.1702966204465848,1.1702966204465848,1.1702966204465848,1.1702966204465848,1.1702966204465848,1.1702966204465848,0.0,0.0,0.0,13.590977733564864,798888.3532063253,30200022.129108284,23646.986955968867
2011-05-22,12.419216144361558,9.737676300586857,16.76676314623727,12.419216144361558,12.419216144361558,0.8303159077909977,0.8303159077909977,0.8303159077909977,0.8303159077909977,0.8303159077909977,0.8303159077909977,0.0,0.0,0.0,13.249532052152556,567803.275056987,19129899.616480727,16943.122552085817
2011-05-29,12.417751175604836,9.05582637902416,16.187548064449178,12.417751175604836,12.417751175604836,0.35115961404549306,0.35115961404549306,0.35115961404549306,0.35115961404549306,0.35115961404549306,0.35115961404549306,0.0,0.0,0.0,12.768910789650329,351128.643744431,10719209.510101888,8567.315024561054
2011-06-05,12.416286206848117,8.77932464269996,16.05240718100336,12.416286206848117,12.416286206848117,0.06134509794927519,0.06134509794927519,0.06134509794927519,0.06134509794927519,0.06134509794927519,0.06134509794927519,0.0,0.0,0.0,12.477631304797391,262400.5662034462,9364224.426128568,6497.486890448265
2011-06-12,12.414821238091395,8.866346170371086,16.36335163865057,12.414821238091395,12.414821238091395,0.02707738892411225,0.02707738892411225,0.02707738892411225,0.02707738892411225,0.02707738892411225,0.02707738892411225,0.0,0.0,0.0,12.441898627015508,253189.79831288615,12779483.10401066,7088.330387113117
2011-06-19,12.413356269334678,8.967434574295861,16.54958637678579,12.413356269334678,12.413356269334678,0.06534624397550906,0.06534624397550906,0.06534624397550906,0.06534624397550906,0.06534624397550906,0.06534624397550906,0.0,0.0,0.0,12.478702513310187,262681.80359998794,15395507.61986828,7842.4539744736385
2011-06-26,12.411891300577956,8.737590372983474,15.967854424098002,12.411891300577956,12.411891300577956,0.03202021590728315,0.03202021590728315,0.03202021590728315,0.03202021590728315,0.03202021590728315,0.03202021590728315,0.0,0.0,0.0,12.443911516485239,253699.9566785922,8605002.755827107,6231.858737977204
2011-07-03,12.410426331821235,8.466282126557333,16.155946191559075,12.410426331821235,12.410426331821235,-0.01856375633679997,-0.01856375633679997,-0.01856375633679997,-0.01856375633679997,-0.01856375633679997,-0.01856375633679997,0.0,0.0,0.0,12.391862575484435,240832.8547823346,10385758.963335238,4750.815937291388
2011-07-10,12.408961363064515,8.834507996305126,16.36911767654073,12.408961363064515,12.408961363064515,0.01783215470776677,0.01783215470776677,0.01783215470776677,0.01783215470776677,0.01783215470776677,0.01783215470776677,0.0,0.0,0.0,12.426793517772282,249394.06331158537,12853382.943461496,6866.174339442143
2011-07-17,12.407496394307795,8.733759931848878,16.28015343059577,12.407496394307795,12.407496394307795,0.0962705838880431,0.0962705838880431,0.0962705838880431,0.0962705838880431,0.0962705838880431,0.0962705838880431,0.0,0.0,0.0,12.503766978195838,269349.01349097636,11759280.84062271,6208.029806276607
2011-07-24,12.406031425551074,9.04859584816272,16.115240910589517,12.406031425551074,12.406031425551074,0.0807059022304775,0.0807059022304775,0.0807059022304775,0.0807059022304775,0.0807059022304775,0.0807059022304775,0.0,0.0,0.0,12.486737327781551,264800.9131171522,9971492.30527778,8505.584997717393
2011-07-31,12.404566456794354,8.711556759207424,16.41140941117872,12.404566456794354,12.404566456794354,-0.024033412371244404,-0.024033412371244404,-0.024033412371244404,-0.024033412371244404,-0.024033412371244404,-0.024033412371244404,0.0,0.0,0.0,12.38053304442311,238119.7184462191,13408633.34044207,6071.688847551989
2011-08-07,12.403101488037633,8.922920387899646,16.09580848069012,12.403101488037633,12.403101488037633,-0.02615317724751841,-0.02615317724751841,-0.02615317724751841,-0.02615317724751841,-0.02615317724751841,-0.02615317724751841,0.0,0.0,0.0,12.376948310790114,237267.647234705,9779592.53872839,7500.965920425524
2011-08-14,12.401636519280913,8.67611420949984,16.321730600264797,12.401636519280913,12.401636519280913,0.19421387973480594,0.19421387973480594,0.19421387973480594,0.19421387973480594,0.19421387973480594,0.19421387973480594,0.0,0.0,0.0,12.595850399015719,295329.51530464366,12258504.741643611,5860.2267841976645
2011-08-21,12.400171550524194,9.089720890318201,16.491237250138617,12.400171550524194,12.400171550524194,0.44945750988223443,0.44945750988223443,0.44945750988223443,0.44945750988223443,0.44945750988223443,0.44945750988223443,0.0,0.0,0.0,12.849629060406428,380646.51195490477,14522898.683430891,8862.71175920582
2011-08-28,12.398706581767472,9.13400004807015,16.645186730648817,12.398706581767472,12.398706581767472,0.39099609658303475,0.39099609658303475,0.39099609658303475,0.39099609658303475,0.39099609658303475,0.39099609658303475,0.0,0.0,0.0,12.789702678350507,358505.7181122832,16939973.309842627,9264.00842513798
2011-09-04,12.39724161301075,8.519977088534912,16.083077529814265,12.39724161301075,12.39724161301075,-0.08097676152235576,-0.08097676152235576,-0.08097676152235576,-0.08097676152235576,-0.08097676152235576,-0.08097676152235576,0.0,0.0,0.0,12.316264851488395,223297.52927515385,9655878.18541258,5012.9388787933385
2011-09-11,12.395776644254033,8.04956100147927,15.372290907683066,12.395776644254033,12.395776644254033,-0.6443227571865369,-0.6443227571865369,-0.6443227571865369,-0.6443227571865369,-0.6443227571865369,-0.6443227571865369,0.0,0.0,0.0,11.751453887067496,126936.97839593895,4743523.14385029,3131.4195418593904
2011-09-18,12.394311675497311,8.034273362791133,15.410601688155444,12.394311675497311,12.394311675497311,-0.8743040607079656,-0.8743040607079656,-0.8743040607079656,-0.8743040607079656,-0.8743040607079656,-0.8743040607079656,0.0,0.0,0.0,11.520007614789346,100709.72875501675,4928777.212154411,3083.8964273419842
2011-09-25,12.392846706740592,7.7091651789062405,15.15816884692086,12.392846706740592,12.392846706740592,-0.7066991961062129,-0.7066991961062129,-0.7066991961062129,-0.7066991961062129,-0.7066991961062129,-0.7066991961062129,0.0,0.0,0.0,11.68614751063438,118912.01169581832,3829208.132141788,2227.6809315034957
2011-10-02,12.39138173798387,8.316111840163352,15.433131436161966,12.39138173798387,12.39138173798387,-0.4906674066815701,-0.4906674066815701,-0.4906674066815701,-0.4906674066815701,-0.4906674066815701,-0.4906674066815701,0.0,0.0,0.0,11.9007143313023,147370.85998250637,5041081.688691151,4088.229480296056
2011-10-09,12.38991676922715,8.032041864704984,15.313757135934432,12.38991676922715,12.38991676922715,-0.5604759789403999,-0.5604759789403999,-0.5604759789403999,-0.5604759789403999,-0.5604759789403999,-0.5604759789403999,0.0,0.0,0.0,11.829440790286752,137232.72735781546,4473836.663417752,3077.0201619083937
2011-10-16,12.388451800470431,7.822229771690195,15.187665283666572,12.388451800470431,12.388451800470431,-0.8447100073053851,-0.8447100073053851,-0.8447100073053851,-0.8447100073053851,-0.8447100073053851,-0.8447100073053851,0.0,0.0,0.0,11.543741793165045,103128.60664796917,3943838.4389340947,2494.463522995413
2011-10-23,12.38698683171371,7.704269830492984,15.063800833395117,12.38698683171371,12.38698683171371,-0.9867350914454053,-0.9867350914454053,-0.9867350914454053,-0.9867350914454053,-0.9867350914454053,-0.9867350914454053,0.0,0.0,0.0,11.400251740268304,89343.21206594739,3484379.5308587383,2216.7974228599423
2011-10-30,12.385521862956988,8.044388930861183,15.271930471668538,12.385521862956988,12.385521862956988,-0.8142199861978027,-0.8142199861978027,-0.8142199861978027,-0.8142199861978027,-0.8142199861978027,-0.8142199861978027,0.0,0.0,0.0,11.571301876759186,106010.39600103305,4290570.383526815,3115.2602712498965
2011-11-06,12.384056894200269,8.171710322567911,15.448292365282372,12.384056894200269,12.384056894200269,-0.5610762196570017,-0.5610762196570017,-0.5610762196570017,-0.5610762196570017,-0.5610762196570017,-0.5610762196570017,0.0,0.0,0.0,11.822980674543267,136349.03903285632,5118091.480948546,3538.3922923661194
2011-11-13,12.382591925443549,8.289208640677684,15.564541251855083,12.382591925443549,12.382591925443549,-0.5613726102039777,-0.5613726102039777,-0.5613726102039777,-0.5613726102039777,-0.5613726102039777,-0.5613726102039777,0.0,0.0,0.0,11.82121931523957,136109.08900418895,5749026.4069835935,3979.6827973114873
2011-11-20,12.381126956686828,7.902766416518942,15.341703654719131,12.381126956686828,12.381126956686828,-0.8061650702035272,-0.8061650702035272,-0.8061650702035272,-0.8061650702035272,-0.8061650702035272,-0.8061650702035272,0.0,0.0,0.0,11.574961886483301,106399.10965521768,4600628.292035589,2703.754465414104
2011-11-27,12.379661987930108,8.04938910843705,15.358340554979911,12.379661987930108,12.379661987930108,-0.9319175424885037,-0.9319175424885037,-0.9319175424885037,-0.9319175424885037,-0.9319175424885037,-0.9319175424885037,0.0,0.0,0.0,11.447744445441604,93688.7851218913,4677808.744246359,3130.8811470093165
2011-12-04,12.378197019173387,7.896545723701258,15.231560317096175,12.378197019173387,12.378197019173387,-0.6651074008110208,-0.6651074008110208,-0.6651074008110208,-0.6651074008110208,-0.6651074008110208,-0.6651074008110208,0.0,0.0,0.0,11.713089618362366,122159.3272023153,4120809.054198325,2686.9812433579305
2011-12-11,12.376732050416669,8.79700714903965,15.80207150768834,12.376732050416669,12.376732050416669,-0.16873406452982181,-0.16873406452982181,-0.16873406452982181,-0.16873406452982181,-0.16873406452982181,-0.16873406452982181,0.0,0.0,0.0,12.207997985886847,200384.43900290178,7290417.485009681,6613.418385095632
2011-12-18,12.375267081659949,8.992237931436435,16.272783953918292,12.375267081659949,12.375267081659949,0.14279615570282203,0.14279615570282203,0.14279615570282203,0.14279615570282203,0.14279615570282203,0.14279615570282203,0.0,0.0,0.0,12.518063237362771,273227.36801557825,11672939.62290922,8039.430708414183
2011-12-25,12.37393720028881,8.803566164789425,16.101088578243687,12.37393720028881,12.37393720028881,0.08548098352367059,0.08548098352367059,0.08548098352367059,0.08548098352367059,0.08548098352367059,0.08548098352367059,0.0,0.0,0.0,12.45941818381248,257664.67334065674,9831366.311647747,6656.945049452122
2012-01-01,12.372607318917671,8.655300852106459,16.10067400202875,12.372607318917671,12.372607318917671,-0.11849478471697987,-0.11849478471697987,-0.11849478471697987,-0.11849478471697987,-0.11849478471697987,-0.11849478471697987,0.0,0.0,0.0,12.254112534200692,209841.501236348,9827291.305358741,5739.495743837542
2012-01-08,12.371277437546532,8.741504332036781,15.83648971558095,12.371277437546532,12.371277437546532,-0.1744571460148572,-0.1744571460148572,-0.1744571460148572,-0.1744571460148572,-0.1744571460148572,-0.1744571460148572,0.0,0.0,0.0,12.196820291531674,198157.06346479122,7545708.756800586,6256.30169502559
2012-01-15,12.369947556175392,8.506039452482867,16.03675433765371,12.369947556175392,12.369947556175392,-0.10738520760187671,-0.10738520760187671,-0.10738520760187671,-0.10738520760187671,-0.10738520760187671,-0.10738520760187671,0.0,0.0,0.0,12.262562348573516,211622.14387448598,9218788.881775532,4943.541166955087
2012-01-22,12.368617674804256,8.573636487987118,15.870486854616425,12.368617674804256,12.368617674804256,-0.1918371669585116,-0.1918371669585116,-0.1918371669585116,-0.1918371669585116,-0.1918371669585116,-0.1918371669585116,0.0,0.0,0.0,12.176780507845743,194225.54371170243,7806651.826635318,5289.33308546889
2012-01-29,12.367287793433116,8.123484856428968,15.582274781831869,12.367287793433116,12.367287793433116,-0.5083014882506852,-0.5083014882506852,-0.5083014882506852,-0.5083014882506852,-0.5083014882506852,-0.5083014882506852,0.0,0.0,0.0,11.85898630518243,141347.86101486802,5851886.295718567,3371.753852053843
2012-02-05,12.365957912061978,8.278134718738489,15.440018978440959,12.365957912061978,12.365957912061978,-0.7223925354721105,-0.7223925354721105,-0.7223925354721105,-0.7223925354721105,-0.7223925354721105,-0.7223925354721105,0.0,0.0,0.0,11.643565376589867,113954.73660572708,5075922.203871123,3935.8442073104866
2012-02-12,12.364628030690838,7.9370123936009005,15.342755674478607,12.364628030690838,12.364628030690838,-0.4249991330141686,-0.4249991330141686,-0.4249991330141686,-0.4249991330141686,-0.4249991330141686,-0.4249991330141686,0.0,0.0,0.0,11.93962889767667,153218.81944655592,4605470.791712887,2797.985736571509
2012-02-19,12.363298149319698,8.945491197413276,16.21206428308045,12.363298149319698,12.363298149319698,0.3459903510996808,0.3459903510996808,0.3459903510996808,0.3459903510996808,0.3459903510996808,0.3459903510996808,0.0,0.0,0.0,12.70928850041938,330805.37070291745,10985251.869696874,7672.216728753601
2012-02-26,12.361968267948562,9.64827737456597,16.89978976281741,12.361968267948562,12.361968267948562,1.0526841823733215,1.0526841823733215,1.0526841823733215,1.0526841823733215,1.0526841823733215,1.0526841823733215,0.0,0.0,0.0,13.414652450321883,669744.0860053672,21851709.55731024,15494.072893983614
2012-03-04,12.360638386577422,10.080700732295384,17.259110470511807,12.360638386577422,12.360638386577422,1.1841160527893904,1.1841160527893904,1.1841160527893904,1.1841160527893904,1.1841160527893904,1.1841160527893904,0.0,0.0,0.0,13.544754439366812,762801.5070671561,31299429.814719945,23876.711564815712
2012-03-11,12.359308505206284,9.42064711040386,16.869648519150193,12.359308505206284,12.359308505206284,0.7743456654050379,0.7743456654050379,0.7743456654050379,0.7743456654050379,0.7743456654050379,0.7743456654050379,0.0,0.0,0.0,13.133654170611322,505676.38739340205,21202898.92388914,12339.565344684841
2012-03-18,12.357978623835145,8.833021836472827,16.136777937056117,12.357978623835145,12.357978623835145,0.32332488438282136,0.32332488438282136,0.32332488438282136,0.32332488438282136,0.32332488438282136,0.32332488438282136,0.0,0.0,0.0,12.681303508217965,321676.09416407044,10188577.918725047,6855.976200686592
2012-03-25,12.356648742464005,9.080789136280305,16.13757569686058,12.356648742464005,12.356648742464005,0.2352459887496887,0.2352459887496887,0.2352459887496887,0.2352459887496887,0.2352459887496887,0.2352459887496887,0.0,0.0,0.0,12.591894731213694,294163.59341443254,10196709.200424615,8783.895772383561
2012-04-01,12.355318861092869,9.133253968726097,16.194534296329127,12.355318861092869,12.355318861092869,0.43779025352200707,0.43779025352200707,0.43779025352200707,0.43779025352200707,0.43779025352200707,0.43779025352200707,0.0,0.0,0.0,12.793109114614875,359729.0307832797,10794358.599123575,9257.098571699476
2012-04-08,12.353988979721729,9.508793909168443,16.459116777854867,12.353988979721729,12.353988979721729,0.5871950210998038,0.5871950210998038,0.5871950210998038,0.5871950210998038,0.5871950210998038,0.5871950210998038,0.0,0.0,0.0,12.941184000821533,417141.84697807935,14063828.530554593,13476.729144281828
2012-04-15,12.35265909835059,9.298309587834087,16.485710699904946,12.35265909835059,12.35265909835059,0.5444575795557247,0.5444575795557247,0.5444575795557247,0.5444575795557247,0.5444575795557247,0.5444575795557247,0.0,0.0,0.0,12.897116677906315,399158.62475307996,14442858.525489114,10918.545066280953
2012-04-22,12.351329216979451,9.415250245797521,16.537690983572755,12.351329216979451,12.351329216979451,0.5177603947677782,0.5177603947677782,0.5177603947677782,0.5177603947677782,0.5177603947677782,0.5177603947677782,0.0,0.0,0.0,12.86908961174723,388126.6703392073,15213456.92013119,12273.144378051378
2012-04-29,12.349999335608311,9.560589394451688,16.54382970816604,12.349999335608311,12.349999335608311,0.7297076542899044,0.7297076542899044,0.7297076542899044,0.7297076542899044,0.7297076542899044,0.7297076542899044,0.0,0.0,0.0,13.079706989898217,479119.2984726271,15307135.387388855,14193.209723105145
2012-05-06,12.348669454237175,9.937203838746862,17.023748328096982,12.348669454237175,12.348669454237175,1.0708696782735285,1.0708696782735285,1.0708696782735285,1.0708696782735285,1.0708696782735285,1.0708696782735285,0.0,0.0,0.0,13.419539132510703,673024.9270732257,24735457.2313253,20684.8224488753
2012-05-13,12.347339572866035,10.04190950531133,17.725937410761127,12.347339572866035,12.347339572866035,1.1918531776531718,1.1918531776531718,1.1918531776531718,1.1918531776531718,1.1918531776531718,1.1918531776531718,0.0,0.0,0.0,13.539192750519208,758570.812679023,49920255.027141705,22968.200879060354
2012-05-20,12.346009691494897,9.568422245838244,16.834202966047823,12.346009691494897,12.346009691494897,0.9119701350996894,0.9119701350996894,0.9119701350996894,0.9119701350996894,0.9119701350996894,0.9119701350996894,0.0,0.0,0.0,13.257979826594587,572620.2753187134,20464513.94716671,14304.827430193644
2012-05-27,12.344679810123758,9.022002056363451,16.20461541817064,12.344679810123758,12.344679810123758,0.43012517693519287,0.43012517693519287,0.43012517693519287,0.43012517693519287,0.43012517693519287,0.43012517693519287,0.0,0.0,0.0,12.77480498705895,353204.3825783765,10903728.211377934,8282.344213555025
2012-06-03,12.343349928752618,9.06079677121011,16.251489415324976,12.343349928752618,12.343349928752618,0.09175978787961608,0.09175978787961608,0.09175978787961608,0.09175978787961608,0.09175978787961608,0.09175978787961608,0.0,0.0,0.0,12.435109716632233,251476.73018577267,11426997.642428199,8610.008925426211
2012-06-10,12.342020047381482,8.44393966784045,15.87860994428598,12.342020047381482,12.342020047381482,0.021300096460835173,0.021300096460835173,0.021300096460835173,0.021300096460835173,0.021300096460835173,0.021300096460835173,0.0,0.0,0.0,12.363320143842317,234056.04433556186,7870324.225752892,4645.825920857307
2012-06-17,12.340690166010342,8.583938135785814,15.722586409091472,12.340690166010342,12.340690166010342,0.06219899879501414,0.06219899879501414,0.06219899879501414,0.06219899879501414,0.06219899879501414,0.06219899879501414,0.0,0.0,0.0,12.402889164805355,243503.12572864132,6733369.60505002,5344.113915599944
2012-06-24,12.339360284639202,8.636873631693003,15.928970080816937,12.339360284639202,12.339360284639202,0.0429495200652727,0.0429495200652727,0.0429495200652727,0.0429495200652727,0.0429495200652727,0.0429495200652727,0.0,0.0,0.0,12.382309804704475,238543.17796254822,8276824.679519909,5634.683032802513
2012-07-01,12.338030403268064,8.642054348999357,16.061304351246406,12.338030403268064,12.338030403268064,-0.01420127076692506,-0.01420127076692506,-0.01420127076692506,-0.01420127076692506,-0.01420127076692506,-0.01420127076692506,0.0,0.0,0.0,12.323829132501139,224993.02662507386,9447911.269936359,5663.955674591936
2012-07-08,12.336700521896924,8.571955655606224,16.080293413927357,12.336700521896924,12.336700521896924,0.004575613997346445,0.004575613997346445,0.004575613997346445,0.004575613997346445,0.004575613997346445,0.004575613997346445,0.0,0.0,0.0,12.34127613589427,228952.94205131388,9629032.486879062,5280.448391245746
2012-07-15,12.335370640525788,9.023190790650562,15.889779554077037,12.335370640525788,12.335370640525788,0.08581516359549625,0.08581516359549625,0.08581516359549625,0.08581516359549625,0.08581516359549625,0.08581516359549625,0.0,0.0,0.0,12.421185804121285,247999.44118598543,7958725.472088848,8292.196763705491
2012-07-22,12.334040759154648,8.636577853797927,16.181012258402347,12.334040759154648,12.334040759154648,0.09332299228754547,0.09332299228754547,0.09332299228754547,0.09332299228754547,0.09332299228754547,0.09332299228754547,0.0,0.0,0.0,12.427363751442194,249536.31732895586,10649379.276241679,5633.016368831087
2012-07-29,12.332710877783509,8.46887257027221,15.890154325544882,12.332710877783509,12.332710877783509,-0.006259293405059682,-0.006259293405059682,-0.006259293405059682,-0.006259293405059682,-0.006259293405059682,-0.006259293405059682,0.0,0.0,0.0,12.326451584378448,225583.83697984618,7961708.734676902,4763.1412060856455
2012-08-05,12.33138099641237,8.341986665027138,15.899195645331018,12.33138099641237,12.33138099641237,-0.04210599807136981,-0.04210599807136981,-0.04210599807136981,-0.04210599807136981,-0.04210599807136981,-0.04210599807136981,0.0,0.0,0.0,12.289274998341002,217351.3391167819,8034019.498211984,4195.418343217069
2012-08-12,12.33005111504123,9.002722659517826,16.158879068398477,12.33005111504123,12.33005111504123,0.14274322698104874,0.14274322698104874,0.14274322698104874,0.14274322698104874,0.14274322698104874,0.14274322698104874,0.0,0.0,0.0,12.47279434202228,261134.40425331387,10416263.829833208,8124.175927003692
2012-08-19,12.328721233670095,9.065360930001276,16.27651648947286,12.328721233670095,12.328721233670095,0.417740217171373,0.417740217171373,0.417740217171373,0.417740217171373,0.417740217171373,0.417740217171373,0.0,0.0,0.0,12.746461450841467,343333.8368975827,11716590.702736083,8649.400764435439
2012-08-26,12.327391352298955,9.1214047499144,16.632608213943588,12.327391352298955,12.327391352298955,0.43479610701783117,0.43479610701783117,0.43479610701783117,0.43479610701783117,0.43479610701783117,0.43479610701783117,0.0,0.0,0.0,12.762187459316786,348775.80149047356,16728228.072341105,9148.044713421048
2012-09-02,12.326265424855423,8.394881049555355,15.884055454584855,12.326265424855423,12.326265424855423,0.0235943631458247,0.0235943631458247,0.0235943631458247,0.0235943631458247,0.0235943631458247,0.0235943631458247,0.0,0.0,0.0,12.349859788001249,230926.66178169113,7913299.066597987,4423.360598801835
2012-09-09,12.32513949741189,8.177627486954504,15.700444478689748,12.32513949741189,12.32513949741189,-0.5585711679422815,-0.5585711679422815,-0.5585711679422815,-0.5585711679422815,-0.5585711679422815,-0.5585711679422815,0.0,0.0,0.0,11.766568329469608,128870.1477454518,6585918.234871015,3559.3975428610274
2012-09-16,12.324013569968358,7.679713173978429,14.993325630217083,12.324013569968358,12.324013569968358,-0.8673105781905487,-0.8673105781905487,-0.8673105781905487,-0.8673105781905487,-0.8673105781905487,-0.8673105781905487,0.0,0.0,0.0,11.456702991777808,94531.88021779503,3247270.3927831557,2162.998991602325
2012-09-23,12.322887642524826,7.866339257965696,15.299752805154142,12.322887642524826,12.322887642524826,-0.7532324192552374,-0.7532324192552374,-0.7532324192552374,-0.7532324192552374,-0.7532324192552374,-0.7532324192552374,0.0,0.0,0.0,11.569655223269589,105835.97561025468,4411620.227523314,2607.0008734692956
2012-09-30,12.321761715081294,7.99323386955096,15.73517318581375,12.321761715081294,12.321761715081294,-0.5137363616810359,-0.5137363616810359,-0.5137363616810359,-0.5137363616810359,-0.5137363616810359,-0.5137363616810359,0.0,0.0,0.0,11.808025353400259,134325.05281704568,6818656.656000315,2959.8565177080814
2012-10-07,12.320635787637762,8.143944198826901,15.314916059358437,12.320635787637762,12.320635787637762,-0.5242289893069627,-0.5242289893069627,-0.5242289893069627,-0.5242289893069627,-0.5242289893069627,-0.5242289893069627,0.0,0.0,0.0,11.7964067983308,132773.40955622538,4479024.504255561,3441.4689082518407
2012-10-14,12.31950986019423,8.030896668918562,15.177668371984367,12.31950986019423,12.31950986019423,-0.7937506857981526,-0.7937506857981526,-0.7937506857981526,-0.7937506857981526,-0.7937506857981526,-0.7937506857981526,0.0,0.0,0.0,11.525759174396079,101290.64149019697,3904608.6395069263,3073.497243788963
2012-10-21,12.318383932750699,7.593172529420221,15.084437203638664,12.318383932750699,12.318383932750699,-0.9850272246772414,-0.9850272246772414,-0.9850272246772414,-0.9850272246772414,-0.9850272246772414,-0.9850272246772414,0.0,0.0,0.0,11.333356708073458,83562.0493608299,3557031.556331602,1983.599737913899
2012-10-28,12.317258005307167,7.800518312244232,15.124005383935515,12.317258005307167,12.317258005307167,-0.8619223657640775,-0.8619223657640775,-0.8619223657640775,-0.8619223657640775,-0.8619223657640775,-0.8619223657640775,0.0,0.0,0.0,11.45533563954309,94402.70880431082,3700598.4719457403,2440.8672994003555
2012-11-04,12.316132077863635,8.21290563133079,15.32002174200048,12.316132077863635,12.316132077863635,-0.5947167543372883,-0.5947167543372883,-0.5947167543372883,-0.5947167543372883,-0.5947167543372883,-0.5947167543372883,0.0,0.0,0.0,11.721415323526347,123180.64376003225,4501951.466116537,3687.2435881050783
2012-11-11,12.315006150420102,8.067173938885169,15.324388107610021,12.315006150420102,12.315006150420102,-0.5368885761815765,-0.5368885761815765,-0.5368885761815765,-0.5368885761815765,-0.5368885761815765,-0.5368885761815765,0.0,0.0,0.0,11.778117574238525,130367.1401003134,4521651.614266228,3187.079378920725
2012-11-18,12.31388022297657,7.813837943866313,15.180357656951838,12.31388022297657,12.31388022297657,-0.758766368361045,-0.758766368361045,-0.758766368361045,-0.758766368361045,-0.758766368361045,-0.758766368361045,0.0,0.0,0.0,11.555113854615525,104308.09677793653,3915123.3797436142,2473.609646223498
2012-11-25,12.312754295533038,7.599571239183464,15.033498306424725,12.312754295533038,12.312754295533038,-0.9353554174001697,-0.9353554174001697,-0.9353554174001697,-0.9353554174001697,-0.9353554174001697,-0.9353554174001697,0.0,0.0,0.0,11.377398878132869,87324.59455060454,3380377.7129183766,1996.3393306442956
2012-12-02,12.311628368089506,7.906981917864898,15.517729986229567,12.311628368089506,12.311628368089506,-0.740141395554912,-0.740141395554912,-0.740141395554912,-0.740141395554912,-0.740141395554912,-0.740141395554912,0.0,0.0,0.0,11.571486972534593,106030.02007868877,5486108.917224981,2715.1804276627863
2012-12-09,12.310502440645974,8.668637932767078,15.704964345957361,12.310502440645974,12.310502440645974,-0.2553659761338933,-0.2553659761338933,-0.2553659761338933,-0.2553659761338933,-0.2553659761338933,-0.2553659761338933,0.0,0.0,0.0,12.055136464512081,171979.51500299748,6615753.089647784,5816.570029104988
2012-12-16,12.309376513202443,8.817840445442876,15.91128416589488,12.309376513202443,12.309376513202443,0.11480041075842018,0.11480041075842018,0.11480041075842018,0.11480041075842018,0.11480041075842018,0.11480041075842018,0.0,0.0,0.0,12.424176923960863,248742.35073770213,8131728.307827165,6752.6639596951845
2012-12-23,12.30825058575891,8.911250404053659,16.21470978929831,12.30825058575891,12.30825058575891,0.11672198620827177,0.11672198620827177,0.11672198620827177,0.11672198620827177,0.11672198620827177,0.11672198620827177,0.0,0.0,0.0,12.424972571967183,248940.34164389205,11014351.899651643,7413.926958766007
2012-12-30,12.307124658315379,8.367944813742437,15.991953579851582,12.307124658315379,12.307124658315379,-0.08723370344342302,-0.08723370344342302,-0.08723370344342302,-0.08723370344342302,-0.08723370344342302,-0.08723370344342302,0.0,0.0,0.0,12.219890954871955,202781.8446918858,8814895.03683341,4305.775734699565
2013-01-06,12.305998730871847,8.497058952165228,15.832863896036955,12.305998730871847,12.305998730871847,-0.17945103009988156,-0.17945103009988156,-0.17945103009988156,-0.17945103009988156,-0.17945103009988156,-0.17945103009988156,0.0,0.0,0.0,12.126547700771965,184709.99636511068,7518398.915089193,4899.335505011455
2013-01-13,12.304872803428314,8.549651184036268,15.534483305654545,12.304872803428314,12.304872803428314,-0.11636456551178435,-0.11636456551178435,-0.11636456551178435,-0.11636456551178435,-0.11636456551178435,-0.11636456551178435,0.0,0.0,0.0,12.18850823791653,196516.78948353528,5578793.690033008,5163.952495040727
2013-01-20,12.303746875984782,8.537918865053502,15.896771023904652,12.303746875984782,12.303746875984782,-0.1563750653671138,-0.1563750653671138,-0.1563750653671138,-0.1563750653671138,-0.1563750653671138,-0.1563750653671138,0.0,0.0,0.0,12.147371810617669,188596.76726007875,8014563.636053693,5103.709709645265
2013-01-27,12.30262094854125,8.254560430248592,15.42987892894875,12.30262094854125,12.30262094854125,-0.4453945389432188,-0.4453945389432188,-0.4453945389432188,-0.4453945389432188,-0.4453945389432188,-0.4453945389432188,0.0,0.0,0.0,11.85722640959803,141099.3205452945,5024712.166309399,3844.1213051609952
2013-02-03,12.301495021097718,7.814217208119078,15.2964960342153,12.301495021097718,12.301495021097718,-0.713361633622636,-0.713361633622636,-0.713361633622636,-0.713361633622636,-0.713361633622636,-0.713361633622636,0.0,0.0,0.0,11.588133387475082,107809.82905582595,4397275.958394363,2474.548355199986
2013-02-10,12.300369093654187,8.215150019143149,15.455436493721455,12.300369093654187,12.300369093654187,-0.5221150945582839,-0.5221150945582839,-0.5221150945582839,-0.5221150945582839,-0.5221150945582839,-0.5221150945582839,0.0,0.0,0.0,11.778253999095902,130384.92676847737,5154786.712647179,3695.5307333684277
2013-02-17,12.299243166210655,8.92591076824379,16.256777990999463,12.299243166210655,12.299243166210655,0.19391317149572906,0.19391317149572906,0.19391317149572906,0.19391317149572906,0.19391317149572906,0.19391317149572906,0.0,0.0,0.0,12.493156337706385,266506.14632485417,11487590.272609593,7523.433228011312
2013-02-24,12.298117238767123,9.571759796987724,16.759102778120493,12.298117238767123,12.298117238767123,0.9593357576897084,0.9593357576897084,0.9593357576897084,0.9593357576897084,0.9593357576897084,0.9593357576897084,0.0,0.0,0.0,13.25745299645683,572318.6806249176,18983917.388391428,14352.653627772253
2013-03-03,12.296991311323591,10.069281036149258,17.07126602750759,12.296991311323591,12.296991311323591,1.2098205364131347,1.2098205364131347,1.2098205364131347,1.2098205364131347,1.2098205364131347,1.2098205364131347,0.0,0.0,0.0,13.506811847736726,734401.0045095732,25939202.411822595,23605.58638410562
2013-03-10,12.29586538388006,9.61442694062536,17.058812014942674,12.29586538388006,12.29586538388006,0.8673169246808544,0.8673169246808544,0.8673169246808544,0.8673169246808544,0.8673169246808544,0.8673169246808544,0.0,0.0,0.0,13.163182308560915,520830.737833866,25618158.538371086,14978.336154350918
2013-03-17,12.294739456436528,8.884839440111406,16.261253636836912,12.294739456436528,12.294739456436528,0.38332433912621444,0.38332433912621444,0.38332433912621444,0.38332433912621444,0.38332433912621444,0.38332433912621444,0.0,0.0,0.0,12.678063795562743,320635.63910894503,11539119.890814243,7220.65507305207
2013-03-24,12.293613528992994,8.811329188450742,16.318721384969002,12.293613528992994,12.293613528992994,0.2213362739106683,0.2213362739106683,0.2213362739106683,0.2213362739106683,0.2213362739106683,0.2213362739106683,0.0,0.0,0.0,12.514949802903661,272378.01229218143,12221671.705724563,6708.831973538274
2013-03-31,12.292487601549462,9.12359601451499,16.141734021518502,12.292487601549462,12.292487601549462,0.39583658607616407,0.39583658607616407,0.39583658607616407,0.39583658607616407,0.39583658607616407,0.39583658607616407,0.0,0.0,0.0,12.688324187625627,323942.4322224888,10239198.713248987,9168.114672495469
2013-04-07,12.29136167410593,9.143993730644,16.622787512563274,12.29136167410593,12.29136167410593,0.5758886762896119,0.5758886762896119,0.5758886762896119,0.5758886762896119,0.5758886762896119,0.5758886762896119,0.0,0.0,0.0,12.867250350395542,387413.4582084451,16564749.182586662,9357.064188780678
2013-04-14,12.290235746662399,9.099429994377324,16.64845623044886,12.290235746662399,12.290235746662399,0.5598223138183311,0.5598223138183311,0.5598223138183311,0.5598223138183311,0.5598223138183311,0.5598223138183311,0.0,0.0,0.0,12.85005806048073,380809.8447982122,16995449.192236573,8949.189590828442
2013-04-21,12.289109819218867,9.282050161418434,16.67325685950015,12.289109819218867,12.289109819218867,0.5081762206041294,0.5081762206041294,0.5081762206041294,0.5081762206041294,0.5081762206041294,0.5081762206041294,0.0,0.0,0.0,12.797286039822996,361234.73864239693,17422217.23176351,10742.435129875492
2013-04-28,12.287983891775335,9.353329868185059,16.81679936381661,12.287983891775335,12.287983891775335,0.6741661157913685,0.6741661157913685,0.6741661157913685,0.6741661157913685,0.6741661157913685,0.6741661157913685,0.0,0.0,0.0,12.962150007566704,425979.99329029454,20111438.969134733,11536.176831928049
2013-05-05,12.286857964331803,9.529156869255905,16.747773144473005,12.286857964331803,12.286857964331803,1.0157841706110533,1.0157841706110533,1.0157841706110533,1.0157841706110533,1.0157841706110533,1.0157841706110533,0.0,0.0,0.0,13.302642134942857,598774.571503353,18770050.353106827,13753.988939570847
2013-05-12,12.286614567975962,9.940508187110748,16.981900241518876,12.286614567975962,12.286614567975962,1.1994600102789075,1.1994600102789075,1.1994600102789075,1.1994600102789075,1.1994600102789075,1.1994600102789075,0.0,0.0,0.0,13.486074578254868,719328.3353780828,23721685.775534928,20753.288668262936
2013-05-19,12.28637117162012,9.428565393316559,16.83566549079063,12.28637117162012,12.28637117162012,0.9867526800775287,0.9867526800775287,0.9867526800775287,0.9867526800775287,0.9867526800775287,0.9867526800775287,0.0,0.0,0.0,13.27312385169765,581358.061922407,20494465.703880254,12437.669327345227
2013-05-26,12.28612777526428,9.240683107372694,16.49625216803462,12.28612777526428,12.28612777526428,0.5143698554348308,0.5143698554348308,0.5143698554348308,0.5143698554348308,0.5143698554348308,0.5143698554348308,0.0,0.0,0.0,12.80049763069911,362396.74499046523,14595912.759732492,10307.077677261996
2013-06-02,12.285884378908438,8.546342150992082,15.865704433035786,12.285884378908438,12.285884378908438,0.13157955430100202,0.13157955430100202,0.13157955430100202,0.13157955430100202,0.13157955430100202,0.13157955430100202,0.0,0.0,0.0,12.41746393320944,247078.13111990207,7769406.254686848,5146.889742737915
2013-06-09,12.285640982552597,8.847044579520185,16.252902935309603,12.285640982552597,12.285640982552597,0.019082837362399404,0.019082837362399404,0.019082837362399404,0.019082837362399404,0.019082837362399404,0.019082837362399404,0.0,0.0,0.0,12.304723819914996,220735.24802318876,11443161.354547322,6952.807147061051
2013-06-16,12.285397586196755,8.463000188303024,16.04305163470475,12.285397586196755,12.285397586196755,0.05649703633583954,0.05649703633583954,0.05649703633583954,0.05649703633583954,0.05649703633583954,0.05649703633583954,0.0,0.0,0.0,12.341894622532594,229094.5908046794,9277025.514347164,4735.246334002842
2013-06-23,12.285154189840913,8.752781022003855,15.824450573443242,12.285154189840913,12.285154189840913,0.05238456643748128,0.05238456643748128,0.05238456643748128,0.05238456643748128,0.05238456643748128,0.05238456643748128,0.0,0.0,0.0,12.337538756278395,228098.85128019782,7455409.537743685,6327.2626969092535
2013-06-30,12.284910793485073,8.662564724177415,16.09880302444942,12.284910793485073,12.284910793485073,-0.00698905310219153,-0.00698905310219153,-0.00698905310219153,-0.00698905310219153,-0.00698905310219153,-0.00698905310219153,0.0,0.0,0.0,12.277921740382881,214897.63705528693,9808921.851566602,5781.345783196786
2013-07-07,12.284667397129232,8.704272738661453,16.196248206868255,12.284667397129232,12.284667397129232,-0.006273050442332535,-0.006273050442332535,-0.006273050442332535,-0.006273050442332535,-0.006273050442332535,-0.006273050442332535,0.0,0.0,0.0,12.278394346686898,214999.22350919235,10812875.029023167,6027.6159659688565
2013-07-14,12.284424000773388,9.012060774693811,15.976733958534384,12.284424000773388,12.284424000773388,0.07269127164735907,0.07269127164735907,0.07269127164735907,0.07269127164735907,0.07269127164735907,0.07269127164735907,0.0,0.0,0.0,12.357115272420748,232608.24681394594,8681751.424950069,8200.40512019425
2013-07-21,12.284180604417548,8.776108008550809,16.28261614181612,12.284180604417548,12.284180604417548,0.1018580106345448,0.1018580106345448,0.1018580106345448,0.1018580106345448,0.1018580106345448,0.1018580106345448,0.0,0.0,0.0,12.386038615052094,239434.3243871605,11788276.244954027,6476.617218642555
2013-07-28,12.283937208061706,8.758621190944519,15.92953639869413,12.283937208061706,12.283937208061706,0.01355349379363639,0.01355349379363639,0.01355349379363639,0.01355349379363639,0.01355349379363639,0.01355349379363639,0.0,0.0,0.0,12.297490701855343,219144.39702357887,8281513.32137418,6364.328951400943
2013-08-04,12.283693811705866,8.53672514760414,15.999149871724024,12.283693811705866,12.283693811705866,-0.05013540919270234,-0.05013540919270234,-0.05013540919270234,-0.05013540919270234,-0.05013540919270234,-0.05013540919270234,0.0,0.0,0.0,12.233558402513165,205572.39501523692,8878558.396857582,5097.619764151193
2013-08-11,12.283450415350025,9.020600978283618,16.208164393368282,12.283450415350025,12.283450415350025,0.0948501627273565,0.0948501627273565,0.0948501627273565,0.0948501627273565,0.0948501627273565,0.0948501627273565,0.0,0.0,0.0,12.378300578077381,237588.71490037907,10942494.024677208,8270.746727938309
2013-08-18,12.283207018994181,9.148603596944069,16.239812943932883,12.283207018994181,12.283207018994181,0.3772827802690489,0.3772827802690489,0.3772827802690489,0.3772827802690489,0.3772827802690489,0.3772827802690489,0.0,0.0,0.0,12.66048979926323,315049.99678607547,11294346.575012915,9400.303199976515
2013-08-25,12.282963622638341,9.482145493569739,16.61069599386169,12.282963622638341,12.282963622638341,0.46363125471779515,0.46363125471779515,0.46363125471779515,0.46363125471779515,0.46363125471779515,0.46363125471779515,0.0,0.0,0.0,12.746594877356136,343379.6499245026,16365662.25324806,13122.312313708026
2013-09-01,12.2827202262825,8.61915524522623,16.061872091321987,12.2827202262825,12.2827202262825,0.12212706178122906,0.12212706178122906,0.12212706178122906,0.12212706178122906,0.12212706178122906,0.12212706178122906,0.0,0.0,0.0,12.40484728806373,243980.40395303644,9453276.75131786,5535.707257707809
2013-09-08,12.28247682992666,8.098583427836026,15.369587408889428,12.28247682992666,12.28247682992666,-0.4632028651105392,-0.4632028651105392,-0.4632028651105392,-0.4632028651105392,-0.4632028651105392,-0.4632028651105392,0.0,0.0,0.0,11.819273964816121,135844.56456469605,4730716.351424038,3288.8045274191904
2013-09-15,12.282233433570818,7.7821403981826265,15.277350066550376,12.282233433570818,12.282233433570818,-0.8454630884301474,-0.8454630884301474,-0.8454630884301474,-0.8454630884301474,-0.8454630884301474,-0.8454630884301474,0.0,0.0,0.0,11.43677034514067,92666.24501374137,4313886.667573499,2396.4007249969495
2013-09-22,12.281990037214976,8.086555288452844,14.94683244138401,12.281990037214976,12.281990037214976,-0.7955330219275127,-0.7955330219275127,-0.7955330219275127,-0.7955330219275127,-0.7955330219275127,-0.7955330219275127,0.0,0.0,0.0,11.486457015287463,97386.8769534957,3099750.302955148,3249.471326842913
2013-09-29,12.281746640859135,8.145208461871674,15.884109341367534,12.281746640859135,12.281746640859135,-0.5459179859246078,-0.5459179859246078,-0.5459179859246078,-0.5459179859246078,-0.5459179859246078,-0.5459179859246078,0.0,0.0,0.0,11.735828654934528,124968.95844182056,7913725.500368415,3445.823846789186
2013-10-06,12.281503244503295,8.10813140314137,15.412042715685931,12.281503244503295,12.281503244503295,-0.4973158181869036,-0.4973158181869036,-0.4973158181869036,-0.4973158181869036,-0.4973158181869036,-0.4973158181869036,0.0,0.0,0.0,11.784187426316391,131160.8618763449,4935884.837161499,3320.3659337995578
2013-10-13,12.281259848147453,7.856378234461198,14.960243188585563,12.281259848147453,12.281259848147453,-0.7399748834142515,-0.7399748834142515,-0.7399748834142515,-0.7399748834142515,-0.7399748834142515,-0.7399748834142515,0.0,0.0,0.0,11.541284964733201,102875.54588891508,3141600.27655683,2581.1514724498793
2013-10-20,12.28101645179161,7.661738549306168,14.66307964470792,12.28101645179161,12.28101645179161,-0.9720216402689509,-0.9720216402689509,-0.9720216402689509,-0.9720216402689509,-0.9720216402689509,-0.9720216402689509,0.0,0.0,0.0,11.308994811522659,81550.89226521734,2333965.280663819,2124.449416905719
2013-10-27,12.28077305543577,7.791922097683933,15.106330864547381,12.28077305543577,12.28077305543577,-0.9044535803359351,-0.9044535803359351,-0.9044535803359351,-0.9044535803359351,-0.9044535803359351,-0.9044535803359351,0.0,0.0,0.0,11.376319475099834,87230.38589268751,3635766.777070079,2419.966446978274
2013-11-03,12.280529659079928,7.938816729915129,15.450044661349432,12.280529659079928,12.280529659079928,-0.6359142427109526,-0.6359142427109526,-0.6359142427109526,-0.6359142427109526,-0.6359142427109526,-0.6359142427109526,0.0,0.0,0.0,11.644615416368975,114074.45750707478,5127067.756523121,2803.0406071508896
2013-11-10,12.280286262724088,8.056498538690258,15.093998515836834,12.280286262724088,12.280286262724088,-0.522558249029665,-0.522558249029665,-0.522558249029665,-0.522558249029665,-0.522558249029665,-0.522558249029665,0.0,0.0,0.0,11.757728013694424,127735.90701502748,3591204.5641628127,3153.2263743850635
2013-11-17,12.280042866368246,7.894487457132098,15.193960066584932,12.280042866368246,12.280042866368246,-0.7099347558787449,-0.7099347558787449,-0.7099347558787449,-0.7099347558787449,-0.7099347558787449,-0.7099347558787449,0.0,0.0,0.0,11.570108110489501,105883.918679485,3968742.352197684,2681.4543512859955
2013-11-24,12.279799470012403,7.732911191356708,15.111795728854538,12.279799470012403,12.279799470012403,-0.9256724237090528,-0.9256724237090528,-0.9256724237090528,-0.9256724237090528,-0.9256724237090528,-0.9256724237090528,0.0,0.0,0.0,11.35412704630335,85315.83244442534,3655690.144289473,2281.236566514097
2013-12-01,12.279556073656563,7.778620296323657,15.27874727915456,12.279556073656563,12.279556073656563,-0.804948479330585,-0.804948479330585,-0.804948479330585,-0.804948479330585,-0.804948479330585,-0.804948479330585,0.0,0.0,0.0,11.474607594325978,96239.69713403952,4319918.29854983,2387.9764660717747
2013-12-08,12.279312677300721,8.165858115559843,15.266748307059729,12.279312677300721,12.279312677300721,-0.3461295886959423,-0.3461295886959423,-0.3461295886959423,-0.3461295886959423,-0.3461295886959423,-0.3461295886959423,0.0,0.0,0.0,11.933183088604778,152234.36993968213,4268393.4482459,3517.73952706088
2013-12-15,12.279069280944881,8.768774216396116,15.939706715304753,12.279069280944881,12.279069280944881,0.07376490340884864,0.07376490340884864,0.07376490340884864,0.07376490340884864,0.07376490340884864,0.07376490340884864,0.0,0.0,0.0,12.35283418435373,231614.5547025281,8366168.700346196,6429.285492965196
2013-12-22,12.278825884589038,8.383078196752562,16.00197072202477,12.278825884589038,12.278825884589038,0.14092615713769363,0.14092615713769363,0.14092615713769363,0.14092615713769363,0.14092615713769363,0.14092615713769363,0.0,0.0,0.0,12.419752041726731,247644.1222619044,8903638.841261128,4371.447485977348
2013-12-29,12.278582488233196,8.27476001945418,16.062738828502393,12.278582488233196,12.278582488233196,-0.05153049101126814,-0.05153049101126814,-0.05153049101126814,-0.05153049101126814,-0.05153049101126814,-0.05153049101126814,0.0,0.0,0.0,12.227051997221928,204239.19306950353,9461473.810456436,3922.580934348026
2014-01-05,12.278339091877356,8.258325330102204,15.680962000822444,12.278339091877356,12.278339091877356,-0.17852297732314218,-0.17852297732314218,-0.17852297732314218,-0.17852297732314218,-0.17852297732314218,-0.17852297732314218,0.0,0.0,0.0,12.099816114554214,179837.7894770705,6458850.0301007405,3858.625087311617
2014-01-12,12.278095695521515,8.406903026471443,15.896400739932677,12.278095695521515,12.278095695521515,-0.12896625698781958,-0.12896625698781958,-0.12896625698781958,-0.12896625698781958,-0.12896625698781958,-0.12896625698781958,0.0,0.0,0.0,12.149129438533695,188928.54344484562,8011596.520598154,4476.871166715785
2014-01-19,12.277852299165675,8.585269666308552,15.856733189065311,12.277852299165675,12.277852299165675,-0.1301603147856977,-0.1301603147856977,-0.1301603147856977,-0.1301603147856977,-0.1301603147856977,-0.1301603147856977,0.0,0.0,0.0,12.147691984379977,188657.16098451236,7700016.727279178,5351.235838402621
2014-01-26,12.27884037849261,8.243386703331913,15.546005491694093,12.27884037849261,12.27884037849261,-0.38237732754147685,-0.38237732754147685,-0.38237732754147685,-0.38237732754147685,-0.38237732754147685,-0.38237732754147685,0.0,0.0,0.0,11.896463050951134,146745.67075878603,5643445.349285416,3801.3961140712927
2014-02-02,12.279828457819544,8.186349200812593,15.150375361679822,12.279828457819544,12.279828457819544,-0.6885732181652168,-0.6885732181652168,-0.6885732181652168,-0.6885732181652168,-0.6885732181652168,-0.6885732181652168,0.0,0.0,0.0,11.591255239654327,108146.92443465505,3799481.2358130477,3590.586122680398
2014-02-09,12.28081653714648,8.01908111089288,15.19842954673552,12.28081653714648,12.28081653714648,-0.6008419634818037,-0.6008419634818037,-0.6008419634818037,-0.6008419634818037,-0.6008419634818037,-0.6008419634818037,0.0,0.0,0.0,11.679974573664676,118180.23011425094,3986520.2712666346,3037.384111746177
2014-02-16,12.281804616473414,8.78291306361489,15.874628707762845,12.281804616473414,12.281804616473414,0.043692917067851646,0.043692917067851646,0.043692917067851646,0.043692917067851646,0.043692917067851646,0.043692917067851646,0.0,0.0,0.0,12.325497533541265,225368.72020975378,7839052.890111814,6520.848086555657
2014-02-23,12.28279269580035,9.403063942906833,16.84211678243427,12.28279269580035,12.28279269580035,0.8480912714122434,0.8480912714122434,0.8480912714122434,0.8480912714122434,0.8480912714122434,0.8480912714122434,0.0,0.0,0.0,13.130883967212593,504277.4966766871,20627108.885551456,12124.47563793032
2014-03-02,12.283780775127285,9.856532312907225,17.14112481053963,12.283780775127285,12.283780775127285,1.2150177837802403,1.2150177837802403,1.2150177837802403,1.2150177837802403,1.2150177837802403,1.2150177837802403,0.0,0.0,0.0,13.498798558907525,728539.5452786078,27816078.494619817,19081.602077042266
2014-03-09,12.284768854454219,9.878653317227101,16.819828204904304,12.284768854454219,12.284768854454219,0.9557729147548093,0.9557729147548093,0.9557729147548093,0.9557729147548093,0.9557729147548093,0.9557729147548093,0.0,0.0,0.0,13.240541769209027,562721.4318004199,20172445.668005027,19508.431947499877
2014-03-16,12.285756933781155,9.127929435769277,16.46584622658966,12.285756933781155,12.285756933781155,0.45498838742448333,0.45498838742448333,0.45498838742448333,0.45498838742448333,0.45498838742448333,0.45498838742448333,0.0,0.0,0.0,12.740745321205639,341376.8888741392,14158789.50955282,9207.934524683962
2014-03-23,12.286745013108089,8.785928610928819,16.16021772079824,12.286745013108089,12.286745013108089,0.21920030293640633,0.21920030293640633,0.21920030293640633,0.21920030293640633,0.21920030293640633,0.21920030293640633,0.0,0.0,0.0,12.505945316044494,269936.38833806483,10430216.924832635,6540.544711160654
2014-03-30,12.287733092435024,8.960611955356487,15.944284513190897,12.287733092435024,12.287733092435024,0.35361975563303494,0.35361975563303494,0.35361975563303494,0.35361975563303494,0.35361975563303494,0.35361975563303494,0.0,0.0,0.0,12.64135284806806,309078.20443545224,8404555.129937459,7789.123211444676
2014-04-06,12.28872117176196,9.30504778988792,16.46742827869692,12.28872117176196,12.28872117176196,0.5571802848771675,0.5571802848771675,0.5571802848771675,0.5571802848771675,0.5571802848771675,0.5571802848771675,0.0,0.0,0.0,12.845901456639128,379230.2501267075,14181207.18220209,10992.371617050554
2014-04-13,12.289709251088894,9.575835040003591,16.700609992266227,12.289709251088894,12.289709251088894,0.5737654563300361,0.5737654563300361,0.5737654563300361,0.5737654563300361,0.5737654563300361,0.5737654563300361,0.0,0.0,0.0,12.86347470741893,385953.4774477187,17905346.912777226,14411.267606454841
2014-04-20,12.29069733041583,8.8954415554477,16.478462456068762,12.29069733041583,12.29069733041583,0.5064617368809626,0.5064617368809626,0.5064617368809626,0.5064617368809626,0.5064617368809626,0.5064617368809626,0.0,0.0,0.0,12.797159067296793,361188.87453990866,14338551.635507004,7297.627205767801
2014-04-27,12.291685409742765,9.080735891664807,16.482418877446694,12.291685409742765,12.291685409742765,0.62513917647991,0.62513917647991,0.62513917647991,0.62513917647991,0.62513917647991,0.62513917647991,0.0,0.0,0.0,12.916824586222676,407103.2549221723,14395393.362447988,8783.428036438283
2014-05-04,12.2926734890697,9.757790516404722,17.330106124271595,12.2926734890697,12.2926734890697,0.9553697811221663,0.9553697811221663,0.9553697811221663,0.9553697811221663,0.9553697811221663,0.9553697811221663,0.0,0.0,0.0,13.248043270191866,566958.567243979,33602334.258910775,17287.39102817494
2014-05-11,12.293661568396635,9.88040254738303,16.9513073528073,12.293661568396635,12.293661568396635,1.1932715422157572,1.1932715422157572,1.1932715422157572,1.1932715422157572,1.1932715422157572,1.1932715422157572,0.0,0.0,0.0,13.486933110612393,719946.1680649488,23006959.367996376,19542.588299138308
2014-05-18,12.294649647723569,9.710291420571338,17.248752932028264,12.294649647723569,12.294649647723569,1.0526168317028128,1.0526168317028128,1.0526168317028128,1.0526168317028128,1.0526168317028128,1.0526168317028128,0.0,0.0,0.0,13.34726647942638,626099.6872659513,30976917.85378115,16485.40565453063
2014-05-25,12.295637727050504,9.223345219562848,16.79145223635784,12.295637727050504,12.295637727050504,0.602015370558083,0.602015370558083,0.602015370558083,0.602015370558083,0.602015370558083,0.602015370558083,0.0,0.0,0.0,12.897653097608588,399372.79927873146,19608078.062904753,10129.897783884062
2014-06-01,12.29662580637744,8.847319752458828,16.144018890687114,12.29662580637744,12.29662580637744,0.18094884194932973,0.18094884194932973,0.18094884194932973,0.18094884194932973,0.18094884194932973,0.18094884194932973,0.0,0.0,0.0,12.47757464832677,262385.6998779605,10262620.692874825,6954.720909904263
2014-06-08,12.297613885704374,8.515081534183103,16.095549491151633,12.297613885704374,12.297613885704374,0.02183245486954824,0.02183245486954824,0.02183245486954824,0.02183245486954824,0.02183245486954824,0.02183245486954824,0.0,0.0,0.0,12.319446340573922,224009.0824079325,9777060.054268848,4988.45285373241
2014-06-15,12.29860196503131,8.891328285733458,16.01474901886865,12.29860196503131,12.29860196503131,0.04888083461665823,0.04888083461665823,0.04888083461665823,0.04888083461665823,0.04888083461665823,0.04888083461665823,0.0,0.0,0.0,12.347482799647969,230378.40128174,9018142.215142831,7267.667641651084
2014-06-22,12.299590044358244,8.607032772274174,15.955202099310252,12.299590044358244,12.299590044358244,0.05964807900950083,0.05964807900950083,0.05964807900950083,0.05964807900950083,0.05964807900950083,0.05964807900950083,0.0,0.0,0.0,12.359238123367744,233102.56607123945,8496815.3081005,5468.993856417514
2014-06-29,12.30057812368518,8.732368852814869,15.855989357872822,12.30057812368518,12.30057812368518,0.0024699224113231065,0.0024699224113231065,0.0024699224113231065,0.0024699224113231065,0.0024699224113231065,0.0024699224113231065,0.0,0.0,0.0,12.303048046096503,220365.65376264363,7694291.343534399,6199.398559856383
2014-07-06,12.301566203012115,8.685081428671817,15.969827257384077,12.301566203012115,12.301566203012115,-0.014134826959521176,-0.014134826959521176,-0.014134826959521176,-0.014134826959521176,-0.014134826959521176,-0.014134826959521176,0.0,0.0,0.0,12.287431376052593,216950.99265717273,8621995.750324497,5913.022048967158
2014-07-13,12.302554282339049,8.903542604874891,16.12179254696462,12.302554282339049,12.302554282339049,0.057801221215019405,0.057801221215019405,0.057801221215019405,0.057801221215019405,0.057801221215019405,0.057801221215019405,0.0,0.0,0.0,12.360355503554068,233363.17695093036,10037036.379550675,7356.993887050982
2014-07-20,12.303542361665984,8.783481598187503,16.2124050837648,12.303542361665984,12.303542361665984,0.1059672525177853,0.1059672525177853,0.1059672525177853,0.1059672525177853,0.1059672525177853,0.1059672525177853,0.0,0.0,0.0,12.40950961418377,245120.5806980393,10988996.289406769,6524.557036903541
2014-07-27,12.30453044099292,8.775890931214974,16.153757654689056,12.30453044099292,12.30453044099292,0.033981831772766063,0.033981831772766063,0.033981831772766063,0.033981831772766063,0.033981831772766063,0.033981831772766063,0.0,0.0,0.0,12.338512272765687,228321.01837028426,10363054.198901761,6475.211227364116
2014-08-03,12.305518520319854,8.734041821372681,15.838285365401584,12.305518520319854,12.305518520319854,-0.05073152303843911,-0.05073152303843911,-0.05073152303843911,-0.05073152303843911,-0.05073152303843911,-0.05073152303843911,0.0,0.0,0.0,12.254786997281414,209983.0799956544,7559270.381492455,6209.780313445203
2014-08-10,12.30650659964679,8.488729317368325,16.21080972939974,12.30650659964679,12.30650659964679,0.05217706101099093,0.05217706101099093,0.05217706101099093,0.05217706101099093,0.05217706101099093,0.05217706101099093,0.0,0.0,0.0,12.35868366065778,232973.35466105797,10971478.92153352,4858.687028380316
2014-08-17,12.307494678973724,9.208543070777107,16.525435552957195,12.307494678973724,12.307494678973724,0.33029434316587525,0.33029434316587525,0.33029434316587525,0.33029434316587525,0.33029434316587525,0.33029434316587525,0.0,0.0,0.0,12.637789022139598,307978.660408256,15028147.286233433,9981.04312979525
2014-08-24,12.30848275830066,9.30647914863956,16.202489729287358,12.30848275830066,12.30848275830066,0.4775555827474362,0.4775555827474362,0.4775555827474362,0.4775555827474362,0.4775555827474362,0.4775555827474362,0.0,0.0,0.0,12.786038341048096,357194.4325355253,10880574.892501552,11008.11834264292
2014-08-31,12.309470837627595,8.92746182134354,16.249109424484956,12.309470837627595,12.309470837627595,0.21206654824631715,0.21206654824631715,0.21206654824631715,0.21206654824631715,0.21206654824631715,0.21206654824631715,0.0,0.0,0.0,12.521537385873913,274178.2547479739,11399833.827967232,7535.113079186581
2014-09-07,12.310458916954529,8.374426111232593,15.779122370830526,12.310458916954529,12.310458916954529,-0.3607001781275121,-0.3607001781275121,-0.3607001781275121,-0.3607001781275121,-0.3607001781275121,-0.3607001781275121,0.0,0.0,0.0,11.949758738827017,154778.7997152068,7125013.867835221,4333.77988303641
2014-09-14,12.311446996281465,7.846435927633499,15.158122047110291,12.311446996281465,12.311446996281465,-0.808417722838141,-0.808417722838141,-0.808417722838141,-0.808417722838141,-0.808417722838141,-0.808417722838141,0.0,0.0,0.0,11.503029273443323,99014.26146453686,3829028.9300731183,2555.606130477411
2014-09-21,12.3124350756084,7.794864756620384,15.05221954009468,12.3124350756084,12.3124350756084,-0.8309539783608274,-0.8309539783608274,-0.8309539783608274,-0.8309539783608274,-0.8309539783608274,-0.8309539783608274,0.0,0.0,0.0,11.481481097247572,96903.486512689,3444258.672114527,2427.101017684113
2014-09-28,12.313423154935334,7.980737134362608,15.305434282473737,12.313423154935334,12.313423154935334,-0.5854777507465747,-0.5854777507465747,-0.5854777507465747,-0.5854777507465747,-0.5854777507465747,-0.5854777507465747,0.0,0.0,0.0,11.727945404188759,123987.66190898423,4436756.090273465,2923.0857139096333
2014-10-05,12.315346731952987,8.073536719127814,15.36969866875602,12.315346731952987,12.315346731952987,-0.4809074802416835,-0.4809074802416835,-0.4809074802416835,-0.4809074802416835,-0.4809074802416835,-0.4809074802416835,0.0,0.0,0.0,11.834439251711304,137920.40207616368,4731242.7196867345,3207.429099149036
2014-10-12,12.31727030897064,7.579568498934513,15.29150208964256,12.31727030897064,12.31727030897064,-0.6858143899091779,-0.6858143899091779,-0.6858143899091779,-0.6858143899091779,-0.6858143899091779,-0.6858143899091779,0.0,0.0,0.0,11.631455919061462,112583.11600493122,4375370.942735146,1956.7839972180464
2014-10-19,12.319193885988293,7.523988430174413,14.862529953747371,12.319193885988293,12.319193885988293,-0.9482476706812961,-0.9482476706812961,-0.9482476706812961,-0.9482476706812961,-0.9482476706812961,-0.9482476706812961,0.0,0.0,0.0,11.370946215306997,86762.92601059638,2849145.2721764054,1850.9389127287577
2014-10-26,12.321117463005946,7.73391603589421,14.865944884443046,12.321117463005946,12.321117463005946,-0.9397682392344687,-0.9397682392344687,-0.9397682392344687,-0.9397682392344687,-0.9397682392344687,-0.9397682392344687,0.0,0.0,0.0,11.381349223771476,87670.24309829908,2858891.541182781,2283.5310120487165
2014-11-02,12.3230410400236,8.065922788553038,15.498420355076998,12.3230410400236,12.3230410400236,-0.6827137623550993,-0.6827137623550993,-0.6827137623550993,-0.6827137623550993,-0.6827137623550993,-0.6827137623550993,0.0,0.0,0.0,11.6403272776685,113586.33344278375,5381190.38730736,3183.0931065799127
2014-11-09,12.324964617041253,8.204007331843862,15.317976668931584,12.324964617041253,12.324964617041253,-0.5191217142332302,-0.5191217142332302,-0.5191217142332302,-0.5191217142332302,-0.5191217142332302,-0.5191217142332302,0.0,0.0,0.0,11.805842902808022,134032.21251450354,4492754.052267863,3654.5700770105896
2014-11-16,12.326888194058908,8.073522295790925,15.66263633995942,12.326888194058908,12.326888194058908,-0.6623015388006993,-0.6623015388006993,-0.6623015388006993,-0.6623015388006993,-0.6623015388006993,-0.6623015388006993,0.0,0.0,0.0,11.664586655258208,116375.58744482693,6341565.25931738,3207.382823228981
2014-11-23,12.32881177107656,7.600196897820007,14.849817147168283,12.32881177107656,12.32881177107656,-0.9041372020798346,-0.9041372020798346,-0.9041372020798346,-0.9041372020798346,-0.9041372020798346,-0.9041372020798346,0.0,0.0,0.0,11.424674568996727,91552.11448272743,2813153.887189642,1997.5893742561336
2014-11-30,12.330735348094214,7.635782830182051,15.234987262347898,12.330735348094214,12.330735348094214,-0.8578042359140939,-0.8578042359140939,-0.8578042359140939,-0.8578042359140939,-0.8578042359140939,-0.8578042359140939,0.0,0.0,0.0,11.47293111218012,96078.48649472682,4134955.069612815,2069.9916513736002
2014-12-07,12.332658925111867,8.145455426537138,15.707143580113716,12.332658925111867,12.332658925111867,-0.438339997629422,-0.438339997629422,-0.438339997629422,-0.438339997629422,-0.438339997629422,-0.438339997629422,0.0,0.0,0.0,11.894318927482445,146431.36485380604,6630186.087659177,3446.675195609635
2014-12-14,12.334582502129521,8.807382898499243,16.149923590258506,12.334582502129521,12.334582502129521,0.020210818562291316,0.020210818562291316,0.020210818562291316,0.020210818562291316,0.020210818562291316,0.020210818562291316,0.0,0.0,0.0,12.354793320691812,232068.7659377988,10323397.6490349,6682.405209177955
2014-12-21,12.336506079147174,8.911223325126183,16.278151110421238,12.336506079147174,12.336506079147174,0.15613820177390886,0.15613820177390886,0.15613820177390886,0.15613820177390886,0.15613820177390886,0.15613820177390886,0.0,0.0,0.0,12.492644280921082,266369.71446565766,11735758.550791914,7413.7261732151965
2014-12-28,12.338429656164827,8.92911362961837,15.882530146818656,12.338429656164827,12.338429656164827,-0.013049809079272067,-0.013049809079272067,-0.013049809079272067,-0.013049809079272067,-0.013049809079272067,-0.013049809079272067,0.0,0.0,0.0,12.325379847085555,225342.19880679363,7901238.049270233,7547.571579825345
2015-01-04,12.34035323318248,8.663592959015372,16.059046669212673,12.34035323318248,12.34035323318248,-0.17088156322535936,-0.17088156322535936,-0.17088156322535936,-0.17088156322535936,-0.17088156322535936,-0.17088156322535936,0.0,0.0,0.0,12.16947166995712,192811.14847908472,9426604.948647715,5787.294450365483
2015-01-11,12.342276810200133,8.423192537573117,15.879046045607012,12.342276810200133,12.342276810200133,-0.14325121801017243,-0.14325121801017243,-0.14325121801017243,-0.14325121801017243,-0.14325121801017243,-0.14325121801017243,0.0,0.0,0.0,12.19902559218996,198594.54378311007,7873757.233495993,4550.4108352941985
2015-01-18,12.344200387217787,8.617318221697506,15.898083086260089,12.344200387217787,12.344200387217787,-0.11319377460012285,-0.11319377460012285,-0.11319377460012285,-0.11319377460012285,-0.11319377460012285,-0.11319377460012285,0.0,0.0,0.0,12.231006612617664,205048.48364321905,8025086.146193044,5525.5455327253785
2015-01-25,12.34612396423544,8.372907834600854,15.588163221520594,12.34612396423544,12.34612396423544,-0.32189640116757695,-0.32189640116757695,-0.32189640116757695,-0.32189640116757695,-0.32189640116757695,-0.32189640116757695,0.0,0.0,0.0,12.024227563067864,166745.09797726173,5886446.433908645,4327.203481697808
2015-02-01,12.348047541253095,8.104781055479606,15.325291453317531,12.348047541253095,12.348047541253095,-0.6503820838631945,-0.6503820838631945,-0.6503820838631945,-0.6503820838631945,-0.6503820838631945,-0.6503820838631945,0.0,0.0,0.0,11.6976654573899,120289.56348801023,4525738.075211762,3309.2568232920853
2015-02-08,12.349971118270748,7.801541138737857,15.20885309619948,12.349971118270748,12.349971118270748,-0.6601045542603334,-0.6601045542603334,-0.6601045542603334,-0.6601045542603334,-0.6601045542603334,-0.6601045542603334,0.0,0.0,0.0,11.689866564010414,119355.07891805944,4028291.2958950293,2443.3661837127834
2015-02-15,12.3518946952884,8.974767736849127,15.980392356983353,12.3518946952884,12.3518946952884,-0.10080746396280632,-0.10080746396280632,-0.10080746396280632,-0.10080746396280632,-0.10080746396280632,-0.10080746396280632,0.0,0.0,0.0,12.251087231325595,209207.62343367122,8713570.903231844,7900.182705835088
2015-02-22,12.353818272306054,9.59754441830428,16.82917896292334,12.353818272306054,12.353818272306054,0.721657787184311,0.721657787184311,0.721657787184311,0.721657787184311,0.721657787184311,0.721657787184311,0.0,0.0,0.0,13.075476059490365,477096.45610298205,20361957.996553734,14727.569916750535
2015-03-01,12.355741849323707,9.694289491009624,17.003366403590586,12.355741849323707,12.355741849323707,1.198513272154216,1.198513272154216,1.198513272154216,1.198513272154216,1.198513272154216,1.198513272154216,0.0,0.0,0.0,13.554255121477922,770083.1868908964,24236404.097063452,16223.690907564927
2015-03-08,12.357665426341361,9.75153325272329,17.271645411916335,12.357665426341361,12.357665426341361,1.0361859365354602,1.0361859365354602,1.0361859365354602,1.0361859365354602,1.0361859365354602,1.0361859365354602,0.0,0.0,0.0,13.393851362876822,655956.5548608128,31694235.6102674,17179.550751266765
2015-03-15,12.359589003359014,9.410297862421553,16.767018337555573,12.359589003359014,12.359589003359014,0.5363573595872683,0.5363573595872683,0.5363573595872683,0.5363573595872683,0.5363573595872683,0.5363573595872683,0.0,0.0,0.0,12.895946362946283,398691.75551810267,19134782.023985554,12212.508379764564
2015-03-22,12.361512580376667,9.049860013206843,16.289370918489006,12.361512580376667,12.361512580376667,0.23010675155400986,0.23010675155400986,0.23010675155400986,0.23010675155400986,0.23010675155400986,0.23010675155400986,0.0,0.0,0.0,12.591619331930676,294082.59185071534,11868172.963560166,8516.34552522469
2015-03-29,12.36343615739432,9.013017187854286,16.238472164143158,12.36343615739432,12.36343615739432,0.3134290646810352,0.3134290646810352,0.3134290646810352,0.3134290646810352,0.3134290646810352,0.3134290646810352,0.0,0.0,0.0,12.676865222075355,320251.56275207276,11279213.489380943,8208.252804201516
2015-04-05,12.365359734411973,9.278839449657491,16.666756141556565,12.365359734411973,12.365359734411973,0.5313666784306837,0.5313666784306837,0.5313666784306837,0.5313666784306837,0.5313666784306837,0.5313666784306837,0.0,0.0,0.0,12.896726412842657,399002.8770901287,17309327.634355977,10707.996372397718
2015-04-12,12.367283311429627,9.503067581869775,16.736079909981516,12.367283311429627,12.367283311429627,0.5845124788316475,0.5845124788316475,0.5845124788316475,0.5845124788316475,0.5845124788316475,0.5845124788316475,0.0,0.0,0.0,12.951795790261276,421592.0495816096,18551845.98492257,13399.77180769863
2015-04-19,12.369206888447282,9.231542035858572,16.596121967584164,12.369206888447282,12.369206888447282,0.5114486039322008,0.5114486039322008,0.5114486039322008,0.5114486039322008,0.5114486039322008,0.5114486039322008,0.0,0.0,0.0,12.880655492379482,392641.76885788364,16128878.285932587,10213.28016008333
2015-04-26,12.371130465464935,9.20817539861493,16.552935994437064,12.371130465464935,12.371130465464935,0.5838915075878418,0.5838915075878418,0.5838915075878418,0.5838915075878418,0.5838915075878418,0.5838915075878418,0.0,0.0,0.0,12.955021973052776,422954.3822085996,15447163.15213542,9977.373685032453
2015-05-03,12.373054042482588,9.456865020127768,16.51388646882589,12.373054042482588,12.373054042482588,0.891959702628382,0.891959702628382,0.891959702628382,0.891959702628382,0.891959702628382,0.891959702628382,0.0,0.0,0.0,13.26501374511097,576662.2454894332,14855584.327454817,12794.707218820338
2015-05-10,12.37497761950024,9.818252143082152,17.44443958240769,12.37497761950024,12.37497761950024,1.173917204245078,1.173917204245078,1.173917204245078,1.173917204245078,1.173917204245078,1.173917204245078,0.0,0.0,0.0,13.548894823745318,765966.3499631621,37672447.73278197,18364.92166749994
2015-05-17,12.376901196517894,10.04478285925438,17.060426376105735,12.376901196517894,12.376901196517894,1.1077766528904345,1.1077766528904345,1.1077766528904345,1.1077766528904345,1.1077766528904345,1.1077766528904345,0.0,0.0,0.0,13.484677849408328,718324.328670985,25659548.900706492,23034.294432587976
2015-05-24,12.378824773535548,9.459284133978667,16.6040709787583,12.378824773535548,12.378824773535548,0.6909577411195217,0.6909577411195217,0.6909577411195217,0.6909577411195217,0.6909577411195217,0.6909577411195217,0.0,0.0,0.0,13.06978251465507,474387.7985944242,16257597.846434671,12825.698962549757
2015-05-31,12.380748350553201,9.23035222221762,16.380484048033342,12.380748350553201,12.380748350553201,0.2396293639724869,0.2396293639724869,0.2396293639724869,0.2396293639724869,0.2396293639724869,0.2396293639724869,0.0,0.0,0.0,12.620377714525688,302662.74461884313,13000312.727683421,10201.134297305827
2015-06-07,12.382671927570854,8.674838337956167,15.946188907098003,12.382671927570854,12.382671927570854,0.0308818557415141,0.0308818557415141,0.0308818557415141,0.0308818557415141,0.0308818557415141,0.0308818557415141,0.0,0.0,0.0,12.413553783312368,246113.9010513676,8420575.965572206,5852.753380298178
2015-06-14,12.384623016514036,8.699290398352243,16.424993099954463,12.384623016514036,12.384623016514036,0.04023702974282127,0.04023702974282127,0.04023702974282127,0.04023702974282127,0.04023702974282127,0.04023702974282127,0.0,0.0,0.0,12.424860046256857,248912.3309185869,13592014.734387733,5997.654051839591
2015-06-21,12.386574105457216,8.81575800726687,16.31214493800609,12.386574105457216,12.386574105457216,0.06423204204303613,0.06423204204303613,0.06423204204303613,0.06423204204303613,0.06423204204303613,0.06423204204303613,0.0,0.0,0.0,12.450806147500252,255455.1750014002,12141560.236524008,6738.6145056744845
2015-06-28,12.388525194400396,8.496569968569986,15.891942962242235,12.388525194400396,12.388525194400396,0.013434099424809094,0.013434099424809094,0.013434099424809094,0.013434099424809094,0.013434099424809094,0.013434099424809094,0.0,0.0,0.0,12.401959293825206,243276.80355010022,7975962.084113974,4896.939907090101
2015-07-05,12.390476283343578,8.727858036378189,15.951275530368028,12.390476283343578,12.390476283343578,-0.01863636600659588,-0.01863636600659588,-0.01863636600659588,-0.01863636600659588,-0.01863636600659588,-0.01863636600659588,0.0,0.0,0.0,12.371839917336981,236058.67620944866,8463517.389146635,6171.49268657236
2015-07-12,12.392427372286756,8.663271260557437,16.1366611540654,12.392427372286756,12.392427372286756,0.04211990467127506,0.04211990467127506,0.04211990467127506,0.04211990467127506,0.04211990467127506,0.04211990467127506,0.0,0.0,0.0,12.43454727695803,251335.32890171124,10187388.135482347,5785.432664449614
2015-07-19,12.394378461229937,8.74836520508345,16.12018890113933,12.394378461229937,12.394378461229937,0.10558934149045301,0.10558934149045301,0.10558934149045301,0.10558934149045301,0.10558934149045301,0.10558934149045301,0.0,0.0,0.0,12.499967802720391,268327.6469293173,10020953.425586343,6299.379855485248
2015-07-26,12.396329550173117,8.721176603952502,16.07776331553405,12.396329550173117,12.396329550173117,0.05367566114050118,0.05367566114050118,0.05367566114050118,0.05367566114050118,0.05367566114050118,0.05367566114050118,0.0,0.0,0.0,12.450005211313618,255250.65282228298,9604700.87838627,6130.389062243823
2015-08-02,12.3982806391163,8.485936773358649,15.995164151667064,12.3982806391163,12.3982806391163,-0.04470406167874231,-0.04470406167874231,-0.04470406167874231,-0.04470406167874231,-0.04470406167874231,-0.04470406167874231,0.0,0.0,0.0,12.353576577437558,231786.56833140992,8843241.373231063,4845.135069507953
2015-08-09,12.40023172805948,9.007935459715394,16.374405915747946,12.40023172805948,12.40023172805948,0.016019761114885626,0.016019761114885626,0.016019761114885626,0.016019761114885626,0.016019761114885626,0.016019761114885626,0.0,0.0,0.0,12.416251489174364,246778.7430335093,12921534.755093154,8166.641431616111
2015-08-16,12.402182817002661,9.005355319936774,16.525836927556664,12.402182817002661,12.402182817002661,0.2790954537816483,0.2790954537816483,0.2790954537816483,0.2790954537816483,0.2790954537816483,0.2790954537816483,0.0,0.0,0.0,12.68127827078431,321667.9759621896,15034180.413923703,8145.594938184093
2015-08-23,12.404133905945839,9.234158857363003,16.54651294719382,12.404133905945839,12.404133905945839,0.4771430212157551,0.4771430212157551,0.4771430212157551,0.4771430212157551,0.4771430212157551,0.4771430212157551,0.0,0.0,0.0,12.881276927161593,392885.8465627293,15348263.246409317,10240.044111026953
2015-08-30,12.406084994889019,9.132001127206596,16.349689031179498,12.406084994889019,12.406084994889019,0.291195071399518,0.291195071399518,0.291195071399518,0.291195071399518,0.291195071399518,0.291195071399518,0.0,0.0,0.0,12.697280066288537,326856.66055416875,12606069.368455395,9245.506904194592
2015-09-06,12.4080360838322,8.332253838416838,15.512895327619313,12.4080360838322,12.4080360838322,-0.2538152392378125,-0.2538152392378125,-0.2538152392378125,-0.2538152392378125,-0.2538152392378125,-0.2538152392378125,0.0,0.0,0.0,12.154220844594388,189892.91338362786,5459649.461433178,4154.773446812917
2015-09-13,12.40998717277538,7.967531528809813,15.289233556297901,12.40998717277538,12.40998717277538,-0.7564122702477064,-0.7564122702477064,-0.7564122702477064,-0.7564122702477064,-0.7564122702477064,-0.7564122702477064,0.0,0.0,0.0,11.653574902527675,115101.10724910686,4365456.515444058,2884.72523550817
2015-09-20,12.411938261718563,7.828310620833131,15.42823885209733,12.411938261718563,12.411938261718563,-0.8570583085168677,-0.8570583085168677,-0.8570583085168677,-0.8570583085168677,-0.8570583085168677,-0.8570583085168677,0.0,0.0,0.0,11.554879953201695,104283.701585871,5016478.00473493,2509.684290916077
2015-09-27,12.41388935066174,8.108421288110906,15.514194841544299,12.41388935066174,12.41388935066174,-0.630282174402549,-0.630282174402549,-0.630282174402549,-0.630282174402549,-0.630282174402549,-0.630282174402549,0.0,0.0,0.0,11.783607176259192,131084.77727467078,5466748.96518626,3321.328887428245
2015-10-04,12.41584043960492,8.540724799670304,15.378586282890385,12.41584043960492,12.41584043960492,-0.47567393820143217,-0.47567393820143217,-0.47567393820143217,-0.47567393820143217,-0.47567393820143217,-0.47567393820143217,0.0,0.0,0.0,11.940166501403489,153301.21313810634,4773479.602779721,5118.053305513458
2015-10-11,12.417791528548102,8.089630052187552,15.222269113888908,12.417791528548102,12.417791528548102,-0.6337205587727293,-0.6337205587727293,-0.6337205587727293,-0.6337205587727293,-0.6337205587727293,-0.6337205587727293,0.0,0.0,0.0,11.784070969775373,131145.58810897954,4082699.0884818644,3259.4811392172296
2015-10-18,12.419742617491282,7.536497576210378,15.42071816801356,12.419742617491282,12.419742617491282,-0.9147354457839069,-0.9147354457839069,-0.9147354457839069,-0.9147354457839069,-0.9147354457839069,-0.9147354457839069,0.0,0.0,0.0,11.505007171707376,99210.29738394567,4978892.163702254,1874.2505876296175
2015-10-25,12.421693706434464,7.696221795204544,15.110147510506476,12.421693706434464,12.421693706434464,-0.9661543034319385,-0.9661543034319385,-0.9661543034319385,-0.9661543034319385,-0.9661543034319385,-0.9661543034319385,0.0,0.0,0.0,11.455539403002525,94421.94679053305,3649669.7299122578,2199.020142980115
2015-11-01,12.423644795377644,8.220544076354107,15.379943527133866,12.423644795377644,12.423644795377644,-0.7328913494574998,-0.7328913494574998,-0.7328913494574998,-0.7328913494574998,-0.7328913494574998,-0.7328913494574998,0.0,0.0,0.0,11.690753445920144,119460.98061947833,4779962.780481791,3715.523905306405
2015-11-08,12.425595884320824,8.418830730232527,15.538734797979997,12.425595884320824,12.425595884320824,-0.5267816410217417,-0.5267816410217417,-0.5267816410217417,-0.5267816410217417,-0.5267816410217417,-0.5267816410217417,0.0,0.0,0.0,11.898814243299082,147091.106341777,5602562.383249397,4530.601691343854
2015-11-15,12.427546973264004,8.151319457876243,15.650353122849307,12.427546973264004,12.427546973264004,-0.6183764121488581,-0.6183764121488581,-0.6183764121488581,-0.6183764121488581,-0.6183764121488581,-0.6183764121488581,0.0,0.0,0.0,11.809170561115145,134478.9721670334,6264146.870960396,3466.951864410172
2015-11-22,12.429498062207186,7.7866564963165885,14.99150850567913,12.429498062207186,12.429498062207186,-0.8724804592576947,-0.8724804592576947,-0.8724804592576947,-0.8724804592576947,-0.8724804592576947,-0.8724804592576947,0.0,0.0,0.0,11.557017602949491,104506.86418867653,3241375.054158348,2407.252106446275
2015-11-29,12.431449151150366,8.132509707929199,15.486332304223902,12.431449151150366,12.431449151150366,-0.8974655885714243,-0.8974655885714243,-0.8974655885714243,-0.8974655885714243,-0.8974655885714243,-0.8974655885714243,0.0,0.0,0.0,11.53398356257894,102127.13839202083,5316533.845255984,3402.3302207774486
2015-12-06,12.433400240093546,8.35586694535453,15.519759780165703,12.433400240093546,12.433400240093546,-0.5292268912377253,-0.5292268912377253,-0.5292268912377253,-0.5292268912377253,-0.5292268912377253,-0.5292268912377253,0.0,0.0,0.0,11.90417334885582,147881.50448808845,5497255.89907884,4254.071928604671
2015-12-13,12.435351329036727,8.796390786065672,16.305208435505424,12.435351329036727,12.435351329036727,-0.04481689967134858,-0.04481689967134858,-0.04481689967134858,-0.04481689967134858,-0.04481689967134858,-0.04481689967134858,0.0,0.0,0.0,12.39053442936538,240513.20455086327,12057631.68845537,6609.3427586702965
2015-12-20,12.437302417979906,9.167756301796915,16.545402682915917,12.437302417979906,12.437302417979906,0.16069604703322513,0.16069604703322513,0.16069604703322513,0.16069604703322513,0.16069604703322513,0.16069604703322513,0.0,0.0,0.0,12.59799846501313,295964.5865858855,15331232.073189862,9582.09896849461
2015-12-27,12.439253506923087,8.768006949498623,15.966260950546912,12.439253506923087,12.439253506923087,0.02625755281976613,0.02625755281976613,0.02625755281976613,0.02625755281976613,0.02625755281976613,0.02625755281976613,0.0,0.0,0.0,12.465511059742854,259239.39072713387,8591301.828866607,6424.353640030717
2016-01-03,12.441204595866267,8.808694068729459,15.9813052246813,12.441204595866267,12.441204595866267,-0.15618419271960002,-0.15618419271960002,-0.15618419271960002,-0.15618419271960002,-0.15618419271960002,-0.15618419271960002,0.0,0.0,0.0,12.285020403146667,216428.55732277507,8721528.873290312,6691.1740385824705
2016-01-10,12.44315568480945,8.609859131454263,16.10118401045942,12.44315568480945,12.44315568480945,-0.15725524870576174,-0.15725524870576174,-0.15725524870576174,-0.15725524870576174,-0.15725524870576174,-0.15725524870576174,0.0,0.0,0.0,12.285900436103688,216619.10629848408,9832304.585584056,5484.475892359566
2016-01-17,12.445106773752629,8.715883267397857,16.0157584880865,12.445106773752629,12.445106773752629,-0.10496352107108071,-0.10496352107108071,-0.10496352107108071,-0.10496352107108071,-0.10496352107108071,-0.10496352107108071,0.0,0.0,0.0,12.340143252681548,228693.71084094577,9027250.349537896,6098.01930398399
2016-01-24,12.44705786269581,8.693249031057666,15.640922790595713,12.44705786269581,12.44705786269581,-0.26625981331687176,-0.26625981331687176,-0.26625981331687176,-0.26625981331687176,-0.26625981331687176,-0.26625981331687176,0.0,0.0,0.0,12.18079804937894,195007.42648950656,6205351.540728584,5961.523229116878
2016-01-31,12.449008951638989,7.834401808551915,15.42481297529025,12.449008951638989,12.449008951638989,-0.6014857462525958,-0.6014857462525958,-0.6014857462525958,-0.6014857462525958,-0.6014857462525958,-0.6014857462525958,0.0,0.0,0.0,11.847523205386393,139736.81633920217,4999321.5703546135,2525.0240113644963
2016-02-07,12.450960040582169,7.9266291968987055,15.611210907386559,12.450960040582169,12.450960040582169,-0.6995288498059823,-0.6995288498059823,-0.6995288498059823,-0.6995288498059823,-0.6995288498059823,-0.6995288498059823,0.0,0.0,0.0,11.751431190776186,126934.09740729693,6023690.934039824,2769.073676656791
2016-02-14,12.45291112952535,8.171176984239045,15.682691622202244,12.45291112952535,12.45291112952535,-0.23598115020018232,-0.23598115020018232,-0.23598115020018232,-0.23598115020018232,-0.23598115020018232,-0.23598115020018232,0.0,0.0,0.0,12.216929979325169,202182.29770746315,6470031.063621237,3536.505102095894
2016-02-21,12.454862221651533,9.650957501195574,16.643192133678195,12.454862221651533,12.454862221651533,0.5832499819041518,0.5832499819041518,0.5832499819041518,0.5832499819041518,0.5832499819041518,0.5832499819041518,0.0,0.0,0.0,13.038112203555684,459599.17400410876,16906218.563150417,15535.657352389582
2016-02-28,12.456813313777714,9.827672201481779,17.414854507799337,12.456813313777714,12.456813313777714,1.1598227821410378,1.1598227821410378,1.1598227821410378,1.1598227821410378,1.1598227821410378,1.1598227821410378,0.0,0.0,0.0,13.616636095918752,819651.7844083596,36574231.04018608,18538.747159914303
2016-03-06,12.458764405903896,10.165569520486734,17.28902879873035,12.458764405903896,12.458764405903896,1.1051654724333064,1.1051654724333064,1.1051654724333064,1.1051654724333064,1.1051654724333064,1.1051654724333064,0.0,0.0,0.0,13.563929878337202,777569.7209632273,32250005.37015911,25991.661326450718
2016-03-13,12.46071549803008,9.341540396162495,16.732265152575227,12.46071549803008,12.46071549803008,0.6249543181164886,0.6249543181164886,0.6249543181164886,0.6249543181164886,0.6249543181164886,0.6249543181164886,0.0,0.0,0.0,13.085669816146568,481984.74415168935,18481210.004461385,11400.958252462602
2016-03-20,12.462666590156262,8.885289294352074,16.42301703294175,12.462666590156262,12.462666590156262,0.25481695076753036,0.25481695076753036,0.25481695076753036,0.25481695076753036,0.25481695076753036,0.25481695076753036,0.0,0.0,0.0,12.717483540923793,333527.48097749514,13565182.520316582,7223.904496039876
2016-03-27,12.464617682282444,8.98321055906973,16.27612674218375,12.464617682282444,12.464617682282444,0.27763060653284355,0.27763060653284355,0.27763060653284355,0.27763060653284355,0.27763060653284355,0.27763060653284355,0.0,0.0,0.0,12.742248288815288,341890.35454824986,11712025.082659122,7967.173384014996
2016-04-03,12.466568774408627,9.374031088557478,16.865276348371367,12.466568774408627,12.466568774408627,0.49921749694216816,0.49921749694216816,0.49921749694216816,0.49921749694216816,0.49921749694216816,0.49921749694216816,0.0,0.0,0.0,12.965786271350796,427531.79221414396,21110398.585406065,11777.499692873462
2016-04-10,12.468519866534809,9.46591461635853,16.777077929178073,12.468519866534809,12.468519866534809,0.5905035655260858,0.5905035655260858,0.5905035655260858,0.5905035655260858,0.5905035655260858,0.5905035655260858,0.0,0.0,0.0,13.059023432060895,469311.1692374219,19328241.55751182,12911.028740191692
2016-04-17,12.470470958660991,9.5187711053553,16.958338926908993,12.470470958660991,12.470470958660991,0.5216500665402829,0.5216500665402829,0.5216500665402829,0.5216500665402829,0.5216500665402829,0.5216500665402829,0.0,0.0,0.0,12.992121025201275,438940.3241717954,23169304.617100276,13611.872145164827
2016-04-24,12.472422050787175,9.355169793722554,16.75941551724715,12.472422050787175,12.472422050787175,0.5512615426945678,0.5512615426945678,0.5512615426945678,0.5512615426945678,0.5512615426945678,0.5512615426945678,0.0,0.0,0.0,13.023683593481744,453015.39392114565,18989855.330913804,11557.423918746512
2016-05-01,12.474373142913358,9.858420046470119,16.95951033937705,12.474373142913358,12.474373142913358,0.8279081568953264,0.8279081568953264,0.8279081568953264,0.8279081568953264,0.8279081568953264,0.8279081568953264,0.0,0.0,0.0,13.302281299808683,598558.551215868,23196461.333328977,19117.65896764422
2016-05-08,12.47632423503954,10.156894308696488,17.06500032846102,12.47632423503954,12.47632423503954,1.1424765148907685,1.1424765148907685,1.1424765148907685,1.1424765148907685,1.1424765148907685,1.1424765148907685,0.0,0.0,0.0,13.618800749930308,821427.9708171698,25777183.28135057,25767.144756925365
2016-05-15,12.47827532716572,10.171715509470726,17.22087144083963,12.47827532716572,12.47827532716572,1.1507824454029034,1.1507824454029034,1.1507824454029034,1.1507824454029034,1.1507824454029034,1.1507824454029034,0.0,0.0,0.0,13.629057772568624,829896.7443199973,30125164.418773346,26151.90385663483
2016-05-22,12.480226419291903,9.45084453721778,17.103968963335742,12.480226419291903,12.480226419291903,0.7789448734675343,0.7789448734675343,0.7789448734675343,0.7789448734675343,0.7789448734675343,0.7789448734675343,0.0,0.0,0.0,13.259171292759437,573302.9407991807,26801513.721308798,12717.902315482628
2016-05-29,12.482177511418085,9.160105515492095,16.59186293138118,12.482177511418085,12.482177511418085,0.30698818913871884,0.30698818913871884,0.30698818913871884,0.30698818913871884,0.30698818913871884,0.30698818913871884,0.0,0.0,0.0,12.789165700556804,358313.2596433504,16060330.881695667,9509.060483342122
2016-06-05,12.484128603544267,8.924451685580213,16.139514142930803,12.484128603544267,12.484128603544267,0.04741684161794193,0.04741684161794193,0.04741684161794193,0.04741684161794193,0.04741684161794193,0.04741684161794193,0.0,0.0,0.0,12.531545445162209,276936.03397560655,10216494.143068712,7512.462463507544
2016-06-12,12.486079695670451,8.72619664062287,16.152274509248027,12.486079695670451,12.486079695670451,0.031664982278451353,0.031664982278451353,0.031664982278451353,0.031664982278451353,0.031664982278451353,0.031664982278451353,0.0,0.0,0.0,12.517744677948903,273140.3424089601,10347695.67310751,6161.246247475247
2016-06-19,12.488030787796633,8.91044480417853,16.39039800333353,12.488030787796633,12.488030787796633,0.06584092151793249,0.06584092151793249,0.06584092151793249,0.06584092151793249,0.06584092151793249,0.06584092151793249,0.0,0.0,0.0,12.553871709314565,283188.54119597375,13129838.25111028,7407.955899998965
2016-06-26,12.489981879922816,8.748710735074859,16.16839332487529,12.489981879922816,12.489981879922816,0.02507288965576705,0.02507288965576705,0.02507288965576705,0.02507288965576705,0.02507288965576705,0.02507288965576705,0.0,0.0,0.0,12.515054769578583,272406.60451200913,10515839.789421413,6301.557201830152
2016-07-03,12.491932972048998,8.757039648155475,16.04219602662302,12.491932972048998,12.491932972048998,-0.019628688973212988,-0.019628688973212988,-0.019628688973212988,-0.019628688973212988,-0.019628688973212988,-0.019628688973212988,0.0,0.0,0.0,12.472304283075784,261006.4638639397,9269091.410212912,6354.2698678302195
2016-07-10,12.49388406417518,8.549911573615585,16.033710057361773,12.49388406417518,12.49388406417518,0.026634535657292922,0.026634535657292922,0.026634535657292922,0.026634535657292922,0.026634535657292922,0.026634535657292922,0.0,0.0,0.0,12.520518599832473,273899.0669908271,9190766.97633158,5165.297569962249
2016-07-17,12.49583515630136,9.042323766551476,16.080987500397374,12.49583515630136,12.49583515630136,0.10093483506100207,0.10093483506100207,0.10093483506100207,0.10093483506100207,0.10093483506100207,0.10093483506100207,0.0,0.0,0.0,12.596769991362363,295601.2238976721,9635718.18870082,8452.397973417548
2016-07-24,12.497786248427547,9.091289291388476,16.116995058330623,12.497786248427547,12.497786248427547,0.07142363372492187,0.07142363372492187,0.07142363372492187,0.07142363372492187,0.07142363372492187,0.07142363372492187,0.0,0.0,0.0,12.56920988215247,287565.633813876,9988999.128022386,8876.624521759424
2016-07-31,12.499737340553727,8.729580242296207,15.997447885878515,12.499737340553727,12.499737340553727,-0.03312483595859834,-0.03312483595859834,-0.03312483595859834,-0.03312483595859834,-0.03312483595859834,-0.03312483595859834,0.0,0.0,0.0,12.466612504595128,259525.0870314803,8863460.06665245,6182.132149049003
2016-08-07,12.50168843267991,8.709847327136963,15.988380618661225,12.50168843267991,12.50168843267991,-0.012709709603479426,-0.012709709603479426,-0.012709709603479426,-0.012709709603479426,-0.012709709603479426,-0.012709709603479426,0.0,0.0,0.0,12.48897872307643,265395.10453945625,8783455.954153975,6061.316866106625
2016-08-14,12.503639524806092,8.987649839741788,16.34609534835925,12.503639524806092,12.503639524806092,0.22601905018169854,0.22601905018169854,0.22601905018169854,0.22601905018169854,0.22601905018169854,0.22601905018169854,0.0,0.0,0.0,12.72965857498779,337613.02192781423,12560848.453421494,8002.6249736676455
2016-08-21,12.505590616932274,9.200958903050227,16.434262274297147,12.505590616932274,12.505590616932274,0.4634490191706803,0.4634490191706803,0.4634490191706803,0.4634490191706803,0.4634490191706803,0.4634490191706803,0.0,0.0,0.0,12.969039636102954,428924.9773716341,13718587.20280446,9905.623997622211
2016-08-28,12.507541709058456,9.271972548372696,16.81805410877519,12.507541709058456,12.507541709058456,0.35771159153375703,0.35771159153375703,0.35771159153375703,0.35771159153375703,0.35771159153375703,0.35771159153375703,0.0,0.0,0.0,12.865253300592213,386640.54427156446,20136689.535243202,10634.710662295673
2016-09-04,12.509492801184638,8.777064377788044,16.068762399244967,12.509492801184638,12.509492801184638,-0.1454613213430581,-0.1454613213430581,-0.1454613213430581,-0.1454613213430581,-0.1454613213430581,-0.1454613213430581,0.0,0.0,0.0,12.36403147984158,234222.59676742618,9518637.665727872,6482.815175776407
2016-09-11,12.511443893310823,8.071558270765232,15.314736927426676,12.511443893310823,12.511443893310823,-0.6902602140980795,-0.6902602140980795,-0.6902602140980795,-0.6902602140980795,-0.6902602140980795,-0.6902602140980795,0.0,0.0,0.0,11.821183679212742,136104.23866782952,4478222.23962233,3201.0876630218263
2016-09-18,12.513394985437005,8.019211167455678,15.352920905080254,12.513394985437005,12.513394985437005,-0.8717252523936485,-0.8717252523936485,-0.8717252523936485,-0.8717252523936485,-0.8717252523936485,-0.8717252523936485,0.0,0.0,0.0,11.641669733043356,113738.92176767188,4652525.228922843,3037.779299238016
2016-09-25,12.515346077563187,8.263691183737025,15.772055839946525,12.515346077563187,12.515346077563187,-0.6778880108102044,-0.6778880108102044,-0.6778880108102044,-0.6778880108102044,-0.6778880108102044,-0.6778880108102044,0.0,0.0,0.0,11.837458066752983,138337.39036790808,7074842.208791991,3879.3909340376504
2016-10-02,12.517297169689368,8.380325892593183,15.673809300591591,12.517297169689368,12.517297169689368,-0.48174735314083356,-0.48174735314083356,-0.48174735314083356,-0.48174735314083356,-0.48174735314083356,-0.48174735314083356,0.0,0.0,0.0,12.035549816548533,168643.7678934667,6412816.632652822,4359.429726426211
2016-10-09,12.51924826181555,8.470849367464686,15.632427740955746,12.51924826181555,12.51924826181555,-0.5860495374776655,-0.5860495374776655,-0.5860495374776655,-0.5860495374776655,-0.5860495374776655,-0.5860495374776655,0.0,0.0,0.0,11.933198724337885,152236.7502699049,6152860.0374986045,4772.568261665036
2016-10-16,12.521199353941732,8.064107163940328,15.436800546252028,12.521199353941732,12.521199353941732,-0.8729685616349728,-0.8729685616349728,-0.8729685616349728,-0.8729685616349728,-0.8729685616349728,-0.8729685616349728,0.0,0.0,0.0,11.648230792306759,114487.62960742679,5059611.950045087,3177.3172337615456
2016-10-23,12.523150446067914,7.984475466876962,14.786644934671433,12.523150446067914,12.523150446067914,-0.9823130561544531,-0.9823130561544531,-0.9823130561544531,-0.9823130561544531,-0.9823130561544531,-0.9823130561544531,0.0,0.0,0.0,11.540837389913461,102829.5112401767,2640937.5800129166,2934.0373763323214
2016-10-30,12.525101538194097,8.24276048790536,15.08846874652218,12.525101538194097,12.525101538194097,-0.7840594488341696,-0.7840594488341696,-0.7840594488341696,-0.7840594488341696,-0.7840594488341696,-0.7840594488341696,0.0,0.0,0.0,11.741042089359928,125622.18241593291,3571400.8313323134,3799.015740357952
2016-11-06,12.527052629446418,8.468358116981973,15.387576976493252,12.527052629446418,12.527052629446418,-0.5451991950285255,-0.5451991950285255,-0.5451991950285255,-0.5451991950285255,-0.5451991950285255,-0.5451991950285255,0.0,0.0,0.0,11.981853434417893,159826.9869626487,4816590.010136996,4760.690908302944
2016-11-13,12.529003720698743,8.160316317906398,15.558132305164317,12.529003720698743,12.529003720698743,-0.5804370348695375,-0.5804370348695375,-0.5804370348695375,-0.5804370348695375,-0.5804370348695375,-0.5804370348695375,0.0,0.0,0.0,11.948566685829205,154594.40391757264,5712299.014472321,3498.2933178535377
2016-11-20,12.530954811951064,7.837903677296744,15.197888295988331,12.530954811951064,12.530954811951064,-0.832816409021005,-0.832816409021005,-0.832816409021005,-0.832816409021005,-0.832816409021005,-0.832816409021005,0.0,0.0,0.0,11.69813840293006,120346.46782880143,3984363.1474749716,2533.8853224171053
2016-11-27,12.532905903203387,8.108876046311527,15.654099375575768,12.532905903203387,12.532905903203387,-0.9232226562311009,-0.9232226562311009,-0.9232226562311009,-0.9232226562311009,-0.9232226562311009,-0.9232226562311009,0.0,0.0,0.0,11.609683246972287,110158.3515527522,6287657.963751657,3322.8400873241944
2016-12-04,12.534856994455708,8.417582161282356,15.44628359521853,12.534856994455708,12.534856994455708,-0.6160509918011159,-0.6160509918011159,-0.6160509918011159,-0.6160509918011159,-0.6160509918011159,-0.6160509918011159,0.0,0.0,0.0,11.918806002654593,150061.32738185255,5107820.7292318065,4524.947204920165
2016-12-11,12.536808085708032,8.522387495486901,15.863592007351684,12.536808085708032,12.536808085708032,-0.11978436735317763,-0.11978436735317763,-0.11978436735317763,-0.11978436735317763,-0.11978436735317763,-0.11978436735317763,0.0,0.0,0.0,12.417023718354853,246969.38715323556,7753011.281929239,5025.039089280794
2016-12-18,12.538759176960355,8.930487317656402,16.2633882128836,12.538759176960355,12.538759176960355,0.15331808129299648,0.15331808129299648,0.15331808129299648,0.15331808129299648,0.15331808129299648,0.15331808129299648,0.0,0.0,0.0,12.69207725825335,325160.49911879224,11563777.32909373,7557.9480877194355
2016-12-25,12.540710268212676,8.946568872349086,16.574807343029654,12.540710268212676,12.540710268212676,0.06424772766329082,0.06424772766329082,0.06424772766329082,0.06424772766329082,0.06424772766329082,0.06424772766329082,0.0,0.0,0.0,12.604957995875967,298031.55243357597,15788735.168418966,7680.490419473037
2017-01-01,12.542661359465,8.849010619138522,15.900935316261572,12.542661359465,12.542661359465,-0.13456114155036325,-0.13456114155036325,-0.13456114155036325,-0.13456114155036325,-0.13456114155036325,-0.13456114155036325,0.0,0.0,0.0,12.408100217914637,244775.35059687463,8048008.214481708,6966.492055538529
2017-01-08,12.544612450717322,8.877417580196251,15.839118028514305,12.544612450717322,12.544612450717322,-0.16909986810804048,-0.16909986810804048,-0.16909986810804048,-0.16909986810804048,-0.16909986810804048,-0.16909986810804048,0.0,0.0,0.0,12.375512582609282,236927.23837721127,7565567.3291850835,7167.2553684301565
2017-01-15,12.546563541969643,8.708060808933501,16.25350965629242,12.546563541969643,12.546563541969643,-0.10449507299957272,-0.10449507299957272,-0.10449507299957272,-0.10449507299957272,-0.10449507299957272,-0.10449507299957272,0.0,0.0,0.0,12.44206846897007,253232.80438496318,11450106.26785687,6050.49609530019
2017-01-22,12.548514633221966,8.677247699655748,15.847670446278219,12.548514633221966,12.548514633221966,-0.21735109448027368,-0.21735109448027368,-0.21735109448027368,-0.21735109448027368,-0.21735109448027368,-0.21735109448027368,0.0,0.0,0.0,12.331163538741693,226649.2906499583,7630548.708025202,5866.874193734017
2017-01-29,12.550465724474288,8.23468942149931,15.444845256337832,12.550465724474288,12.550465724474288,-0.5448006217204535,-0.5448006217204535,-0.5448006217204535,-0.5448006217204535,-0.5448006217204535,-0.5448006217204535,0.0,0.0,0.0,12.005665102753834,163678.43065130283,5100479.231689343,3768.468999184829
2017-02-05,12.552416815726612,7.718824406716694,15.536615369478994,12.552416815726612,12.552416815726612,-0.7194352821253371,-0.7194352821253371,-0.7194352821253371,-0.7194352821253371,-0.7194352821253371,-0.7194352821253371,0.0,0.0,0.0,11.832981533601275,137719.49801691528,5590700.7251445865,2249.3125726254793
2017-02-12,12.554367906978934,8.320903301756609,15.770309902135017,12.554367906978934,12.554367906978934,-0.35860569530248887,-0.35860569530248887,-0.35860569530248887,-0.35860569530248887,-0.35860569530248887,-0.35860569530248887,0.0,0.0,0.0,12.195762211676445,197947.50729282046,7062500.749368635,4107.869881836219
2017-02-19,12.556318998231255,9.2321168407646,16.496901100697265,12.556318998231255,12.556318998231255,0.43647304227604605,0.43647304227604605,0.43647304227604605,0.43647304227604605,0.43647304227604605,0.43647304227604605,0.0,0.0,0.0,12.9927920405073,439234.95936006703,14605387.598846132,10219.153066156805
2017-02-26,12.55827008948358,9.948881574121822,17.499261333043393,12.55827008948358,12.55827008948358,1.0992010373238088,1.0992010373238088,1.0992010373238088,1.0992010373238088,1.0992010373238088,1.0992010373238088,0.0,0.0,0.0,13.657471126807389,853815.1143475533,39795377.00738917,20927.801973498223
2017-03-05,12.560221180735901,10.264441563111292,17.566857133691837,12.560221180735901,12.560221180735901,1.1595939835935405,1.1595939835935405,1.1595939835935405,1.1595939835935405,1.1595939835935405,1.1595939835935405,0.0,0.0,0.0,13.719815164329441,908739.7821407396,42578377.42532373,28692.94956898947
2017-03-12,12.562172271988224,9.544518547777711,16.955344734440995,12.562172271988224,12.562172271988224,0.7178667026758305,0.7178667026758305,0.7178667026758305,0.7178667026758305,0.7178667026758305,0.7178667026758305,0.0,0.0,0.0,13.280038974664055,585392.1634016084,23100035.011749357,13966.919959375571
2017-03-19,12.564123363240546,9.286516506507263,16.578640004071133,12.564123363240546,12.564123363240546,0.2935252580497689,0.2935252580497689,0.2935252580497689,0.2935252580497689,0.2935252580497689,0.2935252580497689,0.0,0.0,0.0,12.857648621290314,383711.4109984235,15849364.153383797,10790.526334618486
2017-03-26,12.566074454492867,9.194964582057036,16.594839918416472,12.566074454492867,12.566074454492867,0.24855265780544522,0.24855265780544522,0.24855265780544522,0.24855265780544522,0.24855265780544522,0.24855265780544522,0.0,0.0,0.0,12.814627112298313,367553.58319185884,16108213.519122269,9846.418140160167
2017-04-02,12.568025545745192,9.384598715177313,16.554820147082296,12.568025545745192,12.568025545745192,0.46194986936135407,0.46194986936135407,0.46194986936135407,0.46194986936135407,0.46194986936135407,0.46194986936135407,0.0,0.0,0.0,13.029975415106545,455874.6778846066,15476295.403519886,11902.63048301054
2017-04-09,12.569976636997513,9.740564555115641,16.840355991544584,12.569976636997513,12.569976636997513,0.5904805497296965,0.5904805497296965,0.5904805497296965,0.5904805497296965,0.5904805497296965,0.5904805497296965,0.0,0.0,0.0,13.160457186727209,519413.3400613835,20590820.815611463,16992.13223292953
2017-04-16,12.571927728249834,9.371476816711477,16.694707970404092,12.571927728249834,12.571927728249834,0.535341802220146,0.535341802220146,0.535341802220146,0.535341802220146,0.535341802220146,0.535341802220146,0.0,0.0,0.0,13.10726953046998,492508.74710273324,17799980.40153338,11747.452593286449
2017-04-23,12.57387881950216,9.438529593629553,16.74157828610172,12.57387881950216,12.57387881950216,0.5276321977294565,0.5276321977294565,0.5276321977294565,0.5276321977294565,0.5276321977294565,0.5276321977294565,0.0,0.0,0.0,13.101511017231616,489680.7734805308,18654131.963066448,12562.23026462779
2017-04-30,12.57582991075448,9.821904913903264,17.028809104794085,12.57582991075448,12.57582991075448,0.7654904180664943,0.7654904180664943,0.7654904180664943,0.7654904180664943,0.7654904180664943,0.7654904180664943,0.0,0.0,0.0,13.341320328820975,622387.8448089939,24860955.15256359,18432.130845402295
2017-05-07,12.577781002006803,10.02175708772617,17.703890314839274,12.577781002006803,12.577781002006803,1.1004346614531977,1.1004346614531977,1.1004346614531977,1.1004346614531977,1.1004346614531977,1.1004346614531977,0.0,0.0,0.0,13.678215663460001,871712.1248152795,48831702.161575824,22509.94890260938
2017-05-14,12.579732093259125,10.059846267693212,17.362103069514472,12.579732093259125,12.579732093259125,1.1805830542162408,1.1805830542162408,1.1805830542162408,1.1805830542162408,1.1805830542162408,1.1805830542162408,0.0,0.0,0.0,13.760315147475366,946299.212897691,34694892.38932219,23383.911079483532
2017-05-21,12.58168318451145,9.896775569845754,17.014849049631657,12.58168318451145,12.58168318451145,0.8636628616671884,0.8636628616671884,0.8636628616671884,0.8636628616671884,0.8636628616671884,0.8636628616671884,0.0,0.0,0.0,13.445346046178638,690619.7060457702,24516306.0904155,19865.209847065937
2017-05-28,12.583634275763771,9.230916981796312,16.58737317595824,12.583634275763771,12.583634275763771,0.38200358661872286,0.38200358661872286,0.38200358661872286,0.38200358661872286,0.38200358661872286,0.38200358661872286,0.0,0.0,0.0,12.965637862382493,427468.34722155554,15988385.548865307,10206.897677682284
2017-06-04,12.585585367016092,8.95371983732724,16.28624152554044,12.585585367016092,12.585585367016092,0.07240678307902373,0.07240678307902373,0.07240678307902373,0.07240678307902373,0.07240678307902373,0.07240678307902373,0.0,0.0,0.0,12.657992150095115,314264.0917920722,11831090.836182628,7735.617358933987
2017-06-11,12.587536458268415,9.04034247023289,16.295370235138886,12.587536458268415,12.587536458268415,0.02443016904475069,0.02443016904475069,0.02443016904475069,0.02443016904475069,0.02443016904475069,0.02443016904475069,0.0,0.0,0.0,12.611966627313166,300127.6896962872,11939587.903446496,8435.665868236008
2017-06-18,12.589487549520738,8.79020477022869,16.545002217583278,12.589487549520738,12.589487549520738,0.06442399000373768,0.06442399000373768,0.06442399000373768,0.06442399000373768,0.06442399000373768,0.06442399000373768,0.0,0.0,0.0,12.653911539524476,312984.3112553581,15325093.675027307,6568.577291586666
2017-06-25,12.591438640773061,8.675807029209334,16.41832100663866,12.591438640773061,12.591438640773061,0.0365223605874394,0.0365223605874394,0.0365223605874394,0.0365223605874394,0.0365223605874394,0.0365223605874394,0.0,0.0,0.0,12.6279610013605,304966.65517532325,13501629.402049355,5858.426607354954
2017-07-02,12.593389732025383,8.84626656094251,16.185722532290207,12.593389732025383,12.593389732025383,-0.017192263406363824,-0.017192263406363824,-0.017192263406363824,-0.017192263406363824,-0.017192263406363824,-0.017192263406363824,0.0,0.0,0.0,12.57619746861902,289582.0673297319,10699659.096980274,6947.399059983976
2017-07-09,12.595340823277704,8.921144923197497,16.283732443208873,12.595340823277704,12.595340823277704,0.012285347623316468,0.012285347623316468,0.012285347623316468,0.012285347623316468,0.012285347623316468,0.012285347623316468,0.0,0.0,0.0,12.607626170901021,298827.817261201,11801442.862850392,7487.658261871882
2017-07-16,12.597291914624217,9.177085635696773,16.260013355791827,12.597291914624217,12.597291914624217,0.09246159552449826,0.09246159552449826,0.09246159552449826,0.09246159552449826,0.09246159552449826,0.09246159552449826,0.0,0.0,0.0,12.689753510148714,324405.7829262851,11524817.009526202,9671.921238055771
2017-07-23,12.59924300597073,8.702015176899254,16.117779182952138,12.59924300597073,12.59924300597073,0.08620888090152155,0.08620888090152155,0.08620888090152155,0.08620888090152155,0.08620888090152155,0.08620888090152155,0.0,0.0,0.0,12.68545188687225,323013.3042643161,9996834.820645351,6014.021344208074
2017-07-30,12.601194097317242,8.953494048584648,16.15253427611835,12.601194097317242,12.601194097317242,-0.017260384296574238,-0.017260384296574238,-0.017260384296574238,-0.017260384296574238,-0.017260384296574238,-0.017260384296574238,0.0,0.0,0.0,12.583933713020668,291831.04080074,10350384.011042772,7733.870715022287
2017-08-06,12.603145188663754,8.82628533109834,16.226937662543552,12.603145188663754,12.603145188663754,-0.03350174878975164,-0.03350174878975164,-0.03350174878975164,-0.03350174878975164,-0.03350174878975164,-0.03350174878975164,0.0,0.0,0.0,12.569643439874003,287690.33757960843,11149860.81526191,6809.939381395933
2017-08-13,12.605096280010267,9.244475163023427,16.526202940331363,12.605096280010267,12.605096280010267,0.17331430891401878,0.17331430891401878,0.17331430891401878,0.17331430891401878,0.17331430891401878,0.17331430891401878,0.0,0.0,0.0,12.778410588924286,354480.19922591693,15039684.1235309,10346.240688696347
2017-08-20,12.607047371356778,9.291957147175575,16.659651385136886,12.607047371356778,12.607047371356778,0.4379532098153136,0.4379532098153136,0.4379532098153136,0.4379532098153136,0.4379532098153136,0.4379532098153136,0.0,0.0,0.0,13.045000581172092,462776.0025910478,17186784.904216133,10849.39915938775
2017-08-27,12.60899846270329,9.207486989323572,16.827919371021252,12.60899846270329,12.60899846270329,0.4102930432937682,0.4102930432937682,0.4102930432937682,0.4102930432937682,0.4102930432937682,0.4102930432937682,0.0,0.0,0.0,13.019291505997058,451030.06933815405,20336326.383965727,9970.50684374489
2017-09-03,12.610949554049803,9.282966139645918,16.419578469521415,12.610949554049803,12.610949554049803,-0.038598473813663596,-0.038598473813663596,-0.038598473813663596,-0.038598473813663596,-0.038598473813663596,-0.038598473813663596,0.0,0.0,0.0,12.572351080236139,288470.3577876272,13518617.880088363,10752.280390876844
2017-09-10,12.612900645396316,8.010499400517393,15.610823836530654,12.612900645396316,12.612900645396316,-0.6113207364446256,-0.6113207364446256,-0.6113207364446256,-0.6113207364446256,-0.6113207364446256,-0.6113207364446256,0.0,0.0,0.0,12.00157990895169,163011.1324050317,6021359.789635347,3011.421141971577
2017-09-17,12.614851736742828,8.164087782002602,15.409358779662663,12.614851736742828,12.614851736742828,-0.8732433272735414,-0.8732433272735414,-0.8732433272735414,-0.8732433272735414,-0.8732433272735414,-0.8732433272735414,0.0,0.0,0.0,11.741608409469286,125693.34549897723,4922654.99732004,3511.5156951516747
2017-09-24,12.616802828089341,8.312138934255204,15.317962979933247,12.616802828089341,12.616802828089341,-0.7256456503516227,-0.7256456503516227,-0.7256456503516227,-0.7256456503516227,-0.7256456503516227,-0.7256456503516227,0.0,0.0,0.0,11.891157177737718,145969.11350822746,4492692.55137237,4072.0155857992813
2017-10-01,12.618753919435854,8.311104294194248,15.678593051379025,12.618753919435854,12.618753919435854,-0.49870932590181477,-0.49870932590181477,-0.49870932590181477,-0.49870932590181477,-0.49870932590181477,-0.49870932590181477,0.0,0.0,0.0,12.120044593534038,183512.69824627065,6443567.447527653,4067.8036599946327
2017-10-08,12.620705010782363,8.430475367277628,15.786700330698338,12.620705010782363,12.620705010782363,-0.5449512900614661,-0.5449512900614661,-0.5449512900614661,-0.5449512900614661,-0.5449512900614661,-0.5449512900614661,0.0,0.0,0.0,12.075753720720897,175562.08583097125,7179212.040989028,4583.678981400261
2017-10-15,12.622656102128875,8.083887310246803,15.558467100816683,12.622656102128875,12.622656102128875,-0.8248156481288419,-0.8248156481288419,-0.8248156481288419,-0.8248156481288419,-0.8248156481288419,-0.8248156481288419,0.0,0.0,0.0,11.797840454000033,132963.89885662033,5714211.787858415,3240.810698504636
2017-10-22,12.624607193475388,7.884230933572972,15.238547556330582,12.624607193475388,12.624607193475388,-0.9874198246196098,-0.9874198246196098,-0.9874198246196098,-0.9874198246196098,-0.9874198246196098,-0.9874198246196098,0.0,0.0,0.0,11.637187368855779,113230.23891822317,4149702.9666723832,2654.08230600209
2017-10-29,12.6265582848219,8.401526704722329,15.311242228176305,12.6265582848219,12.6265582848219,-0.8337794781493806,-0.8337794781493806,-0.8337794781493806,-0.8337794781493806,-0.8337794781493806,-0.8337794781493806,0.0,0.0,0.0,11.79277880667252,132292.5778600188,4462599.510493644,4452.86129081487
2017-11-05,12.628509376168413,8.617867964553485,15.643956730290183,12.628509376168413,12.628509376168413,-0.573514580785444,-0.573514580785444,-0.573514580785444,-0.573514580785444,-0.573514580785444,-0.573514580785444,0.0,0.0,0.0,12.054994795382969,171955.15239896794,6224206.794508308,5528.5845469118685
2017-11-12,12.630460467514924,8.395810123956998,15.5762588555262,12.630460467514924,12.630460467514924,-0.550429584192196,-0.550429584192196,-0.550429584192196,-0.550429584192196,-0.550429584192196,-0.550429584192196,0.0,0.0,0.0,12.080030883322728,176314.60587401816,5816787.454874609,4427.473069077435
2017-11-19,12.632411558861437,8.295501752281227,15.516195688388772,12.632411558861437,12.632411558861437,-0.7875475316414263,-0.7875475316414263,-0.7875475316414263,-0.7875475316414263,-0.7875475316414263,-0.7875475316414263,0.0,0.0,0.0,11.84486402722001,139365.7222103518,5477698.044666402,4004.812668018413
2017-11-26,12.63436265020795,8.008383369519532,15.442156387241072,12.63436265020795,12.63436265020795,-0.934927265499749,-0.934927265499749,-0.934927265499749,-0.934927265499749,-0.934927265499749,-0.934927265499749,0.0,0.0,0.0,11.6994353847082,120502.65756734856,5086783.129780224,3005.053504891246
2017-12-03,12.636313741554462,8.524012589437827,15.626339405262216,12.636313741554462,12.636313741554462,-0.6962198907025259,-0.6962198907025259,-0.6962198907025259,-0.6962198907025259,-0.6962198907025259,-0.6962198907025259,0.0,0.0,0.0,11.940093850851936,153290.0760523301,6115513.1595555935,5033.213515308038
2017-12-10,12.638264832900974,8.81501528323565,16.17340890782195,12.638264832900974,12.638264832900974,-0.20272614881729747,-0.20272614881729747,-0.20272614881729747,-0.20272614881729747,-0.20272614881729747,-0.20272614881729747,0.0,0.0,0.0,12.435538684083676,251584.62908768898,10568715.351192528,6733.610690476886
2017-12-17,12.640215924247487,8.927270016754822,16.230183197130163,12.640215924247487,12.640215924247487,0.13317370215644517,0.13317370215644517,0.13317370215644517,0.13317370215644517,0.13317370215644517,0.13317370215644517,0.0,0.0,0.0,12.773389626403931,352704.823188482,11186106.864506043,7533.667756731063
2017-12-24,12.642167015594,9.083960219368683,16.572320430340696,12.642167015594,12.642167015594,0.09868738919766647,0.09868738919766647,0.09868738919766647,0.09868738919766647,0.09868738919766647,0.09868738919766647,0.0,0.0,0.0,12.740854404791666,341414.12962958857,15749518.744222512,8811.797622962567
2017-12-31,12.644118106940509,8.93141339736613,16.142896118314205,12.644118106940509,12.644118106940509,-0.1066155822699356,-0.1066155822699356,-0.1066155822699356,-0.1066155822699356,-0.1066155822699356,-0.1066155822699356,0.0,0.0,0.0,12.537502524670574,278590.69348171767,10251104.570965992,7564.951518537427
2018-01-07,12.646069198287021,8.782882825208013,16.248808748990598,12.646069198287021,12.646069198287021,-0.17709726495690647,-0.17709726495690647,-0.17709726495690647,-0.17709726495690647,-0.17709726495690647,-0.17709726495690647,0.0,0.0,0.0,12.468971933330115,260138.14328557014,11396406.692248411,6520.650879241257
2018-01-14,12.648020289633534,8.905986731921956,15.75147328514796,12.648020289633534,12.648020289633534,-0.1104225754440249,-0.1104225754440249,-0.1104225754440249,-0.1104225754440249,-0.1104225754440249,-0.1104225754440249,0.0,0.0,0.0,12.53759771418951,278617.2137532056,6930712.2305944525,7374.999754272449
2018-01-21,12.649971380980046,8.942751346324169,16.329919405898295,12.649971380980046,12.649971380980046,-0.17656500055311336,-0.17656500055311336,-0.17656500055311336,-0.17656500055311336,-0.17656500055311336,-0.17656500055311336,0.0,0.0,0.0,12.473406380426933,261294.27806899868,12359299.393179815,7651.222031847517
2018-01-28,12.651922472326559,8.26560720072657,15.741694449513002,12.651922472326559,12.651922472326559,-0.48333238491670844,-0.48333238491670844,-0.48333238491670844,-0.48333238491670844,-0.48333238491670844,-0.48333238491670844,0.0,0.0,0.0,12.16859008740985,192641.24355769448,6863268.224451848,3886.832956237116
2018-02-04,12.65387356367307,8.184066963750022,15.31970819857349,12.65387356367307,12.65387356367307,-0.7208040540955636,-0.7208040540955636,-0.7208040540955636,-0.7208040540955636,-0.7208040540955636,-0.7208040540955636,0.0,0.0,0.0,11.933069509577507,152217.08017634394,4500540.129781348,3582.398618184695
2018-02-11,12.655824655019583,8.372324456406982,15.914940321322828,12.655824655019583,12.655824655019583,-0.46595468501661735,-0.46595468501661735,-0.46595468501661735,-0.46595468501661735,-0.46595468501661735,-0.46595468501661735,0.0,0.0,0.0,12.189869970002965,196784.5763486335,8161513.590706924,4324.679238533745
2018-02-18,12.657775746366095,9.395891949037495,16.558659909089844,12.657775746366095,12.657775746366095,0.2851904032818132,0.2851904032818132,0.2851904032818132,0.2851904032818132,0.2851904032818132,0.2851904032818132,0.0,0.0,0.0,12.942966149647908,417885.92044114193,15535834.934128372,12037.822908846114
2018-02-25,12.659726837712608,10.055463280331772,17.29673344483177,12.659726837712608,12.659726837712608,1.0176414064626824,1.0176414064626824,1.0176414064626824,1.0176414064626824,1.0176414064626824,1.0176414064626824,0.0,0.0,0.0,13.677368244175291,870973.7312112537,32499439.924592365,23281.639600797476
2018-03-04,12.66167792905912,10.159612481573092,17.59983698872119,12.66167792905912,12.66167792905912,1.1967542171159276,1.1967542171159276,1.1967542171159276,1.1967542171159276,1.1967542171159276,1.1967542171159276,0.0,0.0,0.0,13.858432146175048,1043855.0410216306,44006018.472613834,25837.282308895672
2018-03-11,12.663629020405633,9.87358512476862,17.33573411683014,12.663629020405633,12.663629020405633,0.8118486789615154,0.8118486789615154,0.8118486789615154,0.8118486789615154,0.8118486789615154,0.8118486789615154,0.0,0.0,0.0,13.475477699367149,711745.9353725688,33791981.11667239,19409.804534107305
2018-03-18,12.665580111752146,9.39186327035604,16.735965587574086,12.665580111752146,12.665580111752146,0.3458229245354891,0.3458229245354891,0.3458229245354891,0.3458229245354891,0.3458229245354891,0.3458229245354891,0.0,0.0,0.0,13.011403036287634,447486.1209521206,18549725.21434108,11989.419925143759
2018-03-25,12.667182521021,9.195241768302653,16.553961603140515,12.667182521021,12.667182521021,0.2283692831097578,0.2283692831097578,0.2283692831097578,0.2283692831097578,0.2283692831097578,0.2283692831097578,0.0,0.0,0.0,12.895551804130758,398534.47880622384,15463014.02514071,9849.148087357884
2018-04-01,12.66878493028985,9.037196671716872,16.650941102189485,12.66878493028985,12.66878493028985,0.4211803911047208,0.4211803911047208,0.4211803911047208,0.4211803911047208,0.4211803911047208,0.4211803911047208,0.0,0.0,0.0,13.08996532139457,484059.5694663903,17037733.21957354,8409.16751835485
2018-04-08,12.670387339558701,9.787173575050012,16.99286398353146,12.670387339558701,12.670387339558701,0.5835598381370175,0.5835598381370175,0.5835598381370175,0.5835598381370175,0.5835598381370175,0.5835598381370175,0.0,0.0,0.0,13.253947177695718,570315.7445680989,23983195.17068992,17802.91356026345
2018-04-15,12.671989748827555,9.76001547414163,17.246297313472606,12.671989748827555,12.671989748827555,0.5506544113122461,0.5506544113122461,0.5506544113122461,0.5506544113122461,0.5506544113122461,0.5506544113122461,0.0,0.0,0.0,13.2226441601398,552739.6372792606,30900943.677023213,17325.899791851352
2018-04-22,12.673592158096405,9.515420396018744,16.754577281560238,12.673592158096405,12.673592158096405,0.512922918266603,0.512922918266603,0.512922918266603,0.512922918266603,0.512922918266603,0.512922918266603,0.0,0.0,0.0,13.186515076363008,533126.0680678195,18898199.83456419,13566.335699671297
2018-04-29,12.675194567365256,9.660607974013404,17.237483418818158,12.675194567365256,12.675194567365256,0.7068066141388488,0.7068066141388488,0.7068066141388488,0.7068066141388488,0.7068066141388488,0.7068066141388488,0.0,0.0,0.0,13.382001181504105,648229.2144823428,30629782.75324515,15686.319251850986
2018-05-06,12.67679697663411,10.041401209400515,17.330850739057276,12.67679697663411,12.67679697663411,1.049620392632329,1.049620392632329,1.049620392632329,1.049620392632329,1.049620392632329,1.049620392632329,0.0,0.0,0.0,13.72641736926644,914759.3242789278,33627364.37231774,22956.52869489191
2018-05-13,12.678399385902962,10.083157710515477,17.77888145019628,12.678399385902962,12.678399385902962,1.1965720185905522,1.1965720185905522,1.1965720185905522,1.1965720185905522,1.1965720185905522,1.1965720185905522,0.0,0.0,0.0,13.874971404493515,1061263.2079889344,52634451.31086857,23935.45071293052
2018-05-20,12.680001795171812,9.759806659628635,17.07219569990743,12.680001795171812,12.680001795171812,0.9428272567969332,0.9428272567969332,0.9428272567969332,0.9428272567969332,0.9428272567969332,0.9428272567969332,0.0,0.0,0.0,13.622829051968745,824743.6085261847,25963328.586289942,17322.282061440066
2018-05-27,12.681604204440665,9.533719558978541,16.904707717550846,12.681604204440665,12.681604204440665,0.46328885528064107,0.46328885528064107,0.46328885528064107,0.46328885528064107,0.46328885528064107,0.46328885528064107,0.0,0.0,0.0,13.144893059721307,511391.6961770546,21959439.970193163,13816.892080871421
2018-06-03,12.683206613709517,9.071289526173969,16.420799226878678,12.683206613709517,12.683206613709517,0.10654268229826874,0.10654268229826874,0.10654268229826874,0.10654268229826874,0.10654268229826874,0.10654268229826874,0.0,0.0,0.0,12.789749296007786,358522.43124516105,13535130.91069736,8700.837821409146
2018-06-10,12.684809022978367,8.953044463917834,16.220363887121803,12.684809022978367,12.684809022978367,0.01990641176295896,0.01990641176295896,0.01990641176295896,0.01990641176295896,0.01990641176295896,0.01990641176295896,0.0,0.0,0.0,12.704715434741326,329296.0252413398,11076804.518639306,7730.394017342568
2018-06-17,12.68641143224722,8.932535974265978,16.236689800508877,12.68641143224722,12.68641143224722,0.060194717373859334,0.060194717373859334,0.060194717373859334,0.060194717373859334,0.060194717373859334,0.060194717373859334,0.0,0.0,0.0,12.74660614962108,343383.52062398085,11259127.733030068,7573.449649948079
2018-06-24,12.688013841516073,9.01123448664043,16.343679519798236,12.688013841516073,12.688013841516073,0.04694400001871124,0.04694400001871124,0.04694400001871124,0.04694400001871124,0.04694400001871124,0.04694400001871124,0.0,0.0,0.0,12.734957841534785,339406.8774814227,12530540.219050929,8193.631196114167
2018-07-01,12.689616250784924,9.175319626075174,16.51985223771693,12.689616250784924,12.689616250784924,-0.011628210435499334,-0.011628210435499334,-0.011628210435499334,-0.011628210435499334,-0.011628210435499334,-0.011628210435499334,0.0,0.0,0.0,12.677988040349424,320611.3501319716,14944474.200844858,9654.853841109803
2018-07-08,12.691218660053776,8.912132918082333,16.147789774257586,12.691218660053776,12.691218660053776,-8.95186734417702e-05,-8.95186734417702e-05,-8.95186734417702e-05,-8.95186734417702e-05,-8.95186734417702e-05,-8.95186734417702e-05,0.0,0.0,0.0,12.691129141380335,324852.35411684384,10301392.901204497,7420.473624165848
2018-07-15,12.692821069322628,9.00836562773658,16.344253984182423,12.692821069322628,12.692821069322628,0.08083761292521442,0.08083761292521442,0.08083761292521442,0.08083761292521442,0.08083761292521442,0.08083761292521442,0.0,0.0,0.0,12.773658682247843,352799.73351890966,12537740.63668958,8170.1556455655455
2018-07-22,12.69442347859148,9.233514564173053,16.618284913534957,12.69442347859148,12.69442347859148,0.09725243589927285,0.09725243589927285,0.09725243589927285,0.09725243589927285,0.09725243589927285,0.09725243589927285,0.0,0.0,0.0,12.791675914490753,359213.83493607375,16490332.414667048,10233.448001190744
2018-07-29,12.696025887860333,9.38908554734615,16.123558775126835,12.696025887860333,12.696025887860333,0.0015016917704462859,0.0015016917704462859,0.0015016917704462859,0.0015016917704462859,0.0015016917704462859,0.0015016917704462859,0.0,0.0,0.0,12.69752757963078,326937.5721991131,10054779.742436621,11956.160074530992
2018-08-05,12.697628297129183,9.015693188421306,16.298960912955387,12.697628297129183,12.697628297129183,-0.046248870729144784,-0.046248870729144784,-0.046248870729144784,-0.046248870729144784,-0.046248870729144784,-0.046248870729144784,0.0,0.0,0.0,12.65137942640004,312192.7995624499,11982536.181029808,8230.250188740216
2018-08-12,12.699230706398035,9.288360878402905,16.483324532092986,12.699230706398035,12.699230706398035,0.12305751592721723,0.12305751592721723,0.12305751592721723,0.12305751592721723,0.12305751592721723,0.12305751592721723,0.0,0.0,0.0,12.822288222325252,370380.27326094254,14408436.523645807,10810.448288599759
2018-08-19,12.700833115666889,9.691323206101131,16.633569090124684,12.700833115666889,12.700833115666889,0.4024859964181455,0.4024859964181455,0.4024859964181455,0.4024859964181455,0.4024859964181455,0.4024859964181455,0.0,0.0,0.0,13.103319112085034,490566.96549315343,16744309.554127734,16175.635160535712
2018-08-26,12.70243552493574,9.574220639639261,16.973961562080447,12.70243552493574,12.70243552493574,0.44813487224402804,0.44813487224402804,0.44813487224402804,0.44813487224402804,0.44813487224402804,0.44813487224402804,0.0,0.0,0.0,13.150570397179768,514303.3023518355,23534112.43590516,14388.019207541332
2018-09-02,12.70403793420459,9.130900714417,16.39052935556161,12.70403793420459,12.70403793420459,0.06388162801939172,0.06388162801939172,0.06388162801939172,0.06388162801939172,0.06388162801939172,0.06388162801939172,0.0,0.0,0.0,12.767919562223982,350780.7668523896,13131562.998022454,9235.337526021218
2018-09-09,12.705640343473444,8.648896359786026,15.807712867315324,12.705640343473444,12.705640343473444,-0.5214460893088618,-0.5214460893088618,-0.5214460893088618,-0.5214460893088618,-0.5214460893088618,-0.5214460893088618,0.0,0.0,0.0,12.184194254164582,195670.84094880853,7331661.584531266,5702.848262452855
2018-09-16,12.707242752742296,8.228307435812585,15.325466861491428,12.707242752742296,12.707242752742296,-0.8603862473107762,-0.8603862473107762,-0.8603862473107762,-0.8603862473107762,-0.8603862473107762,-0.8603862473107762,0.0,0.0,0.0,11.84685650543152,139643.68419240342,4526531.996466583,3744.488903690454
2018-09-23,12.708845162011146,8.253088856964368,15.504059808637397,12.708845162011146,12.708845162011146,-0.770812205385551,-0.770812205385551,-0.770812205385551,-0.770812205385551,-0.770812205385551,-0.770812205385551,0.0,0.0,0.0,11.938032956625594,152974.48467067297,5411623.097508289,3838.4670886910335
2018-09-30,12.71044757128,8.605065872149646,16.012364864980068,12.71044757128,12.71044757128,-0.5256027675193751,-0.5256027675193751,-0.5256027675193751,-0.5256027675193751,-0.5256027675193751,-0.5256027675193751,0.0,0.0,0.0,12.184844803760624,195798.17660048205,8996667.183990525,5458.245498758349
2018-10-07,12.712049980548851,8.575058288632937,15.786114848921775,12.712049980548851,12.712049980548851,-0.5122674515516126,-0.5122674515516126,-0.5122674515516126,-0.5122674515516126,-0.5122674515516126,-0.5122674515516126,0.0,0.0,0.0,12.19978252899724,198744.92496730783,7175009.972820671,5296.860234250884
2018-10-14,12.713652389817703,8.118731354398236,15.567615539741485,12.713652389817703,12.713652389817703,-0.772443940003583,-0.772443940003583,-0.772443940003583,-0.772443940003583,-0.772443940003583,-0.772443940003583,0.0,0.0,0.0,11.94120844981412,153461.02938111319,5766727.767897537,3355.759504467863
2018-10-21,12.715254799086553,7.884060788880885,15.823875351753601,12.715254799086553,12.715254799086553,-0.9811626848407239,-0.9811626848407239,-0.9811626848407239,-0.9811626848407239,-0.9811626848407239,-0.9811626848407239,0.0,0.0,0.0,11.73409211424583,124752.13134314917,7451122.257083828,2653.6305962697643
2018-10-28,12.716857208355407,7.9694269292775015,15.60634340247219,12.716857208355407,12.716857208355407,-0.879676349991545,-0.879676349991545,-0.879676349991545,-0.879676349991545,-0.879676349991545,-0.879676349991545,0.0,0.0,0.0,11.837180858363862,138299.047120341,5994441.826783832,2890.200027291591
2018-11-04,12.718459617624259,8.405362215212952,15.358680440981077,12.718459617624259,12.718459617624259,-0.610391208668943,-0.610391208668943,-0.610391208668943,-0.610391208668943,-0.610391208668943,-0.610391208668943,0.0,0.0,0.0,12.108068408955315,181328.01253522126,4679398.936521284,4469.976925134524
2018-11-11,12.720062026893112,8.373041448461985,15.594602556035415,12.720062026893112,12.720062026893112,-0.52988473836575,-0.52988473836575,-0.52988473836575,-0.52988473836575,-0.52988473836575,-0.52988473836575,0.0,0.0,0.0,12.190177288527362,196845.0614952066,5924473.541272467,4327.781828313459
2018-11-18,12.721664436161962,8.24884806483807,15.74175444756807,12.721664436161962,12.721664436161962,-0.7392569361479602,-0.7392569361479602,-0.7392569361479602,-0.7392569361479602,-0.7392569361479602,-0.7392569361479602,0.0,0.0,0.0,11.982407500014002,159915.56668874336,6863680.019610055,3822.2191832375074
2018-11-25,12.723266845430814,8.19755325266098,15.340461250474407,12.723266845430814,12.723266845430814,-0.9329968116252686,-0.9329968116252686,-0.9329968116252686,-0.9329968116252686,-0.9329968116252686,-0.9329968116252686,0.0,0.0,0.0,11.790270033805545,131961.0992974793,4594915.999897537,3631.0527113798344
2018-12-02,12.724869254699666,8.251920039724526,15.592122726714747,12.724869254699666,12.724869254699666,-0.7673980499964614,-0.7673980499964614,-0.7673980499964614,-0.7673980499964614,-0.7673980499964614,-0.7673980499964614,0.0,0.0,0.0,11.957471204703204,155977.14881206825,5909800.0569833685,3833.9820749572464
2018-12-09,12.725920862622123,8.654863335768114,16.10506229608819,12.725920862622123,12.725920862622123,-0.29132272230649625,-0.29132272230649625,-0.29132272230649625,-0.29132272230649625,-0.29132272230649625,-0.29132272230649625,0.0,0.0,0.0,12.434598140315627,251348.11303640448,9870511.115062386,5736.984732503714
2018-12-16,12.726972470544581,9.150209391969254,16.450034480107707,12.726972470544581,12.726972470544581,0.09993376484496651,0.09993376484496651,0.09993376484496651,0.09993376484496651,0.09993376484496651,0.09993376484496651,0.0,0.0,0.0,12.826906235389547,372094.6542898802,13936674.94072799,9415.41189337106
2018-12-23,12.72802407846704,9.372252855281127,16.73561488062677,12.72802407846704,12.72802407846704,0.12736302448800252,0.12736302448800252,0.12736302448800252,0.12736302448800252,0.12736302448800252,0.12736302448800252,0.0,0.0,0.0,12.855387102955042,382844.618848081,18543220.83711871,11756.573384217587
2018-12-30,12.729075686389496,8.962389486680589,16.24173603473514,12.729075686389496,12.729075686389496,-0.0733996512544935,-0.0733996512544935,-0.0733996512544935,-0.0733996512544935,-0.0733996512544935,-0.0733996512544935,0.0,0.0,0.0,12.655676035135002,313537.05998116493,11316087.529166067,7802.982713672076
2019-01-06,12.730127294311954,8.558218056332011,16.0163414588911,12.730127294311954,12.730127294311954,-0.1798443704925761,-0.1798443704925761,-0.1798443704925761,-0.1798443704925761,-0.1798443704925761,-0.1798443704925761,0.0,0.0,0.0,12.550282923819378,282174.05615157506,9032514.50779667,5208.390057162025
2019-01-13,12.731178902234412,8.959866252713391,16.12558997840371,12.731178902234412,12.731178902234412,-0.12107727818613974,-0.12107727818613974,-0.12107727818613974,-0.12107727818613974,-0.12107727818613974,-0.12107727818613974,0.0,0.0,0.0,12.610101624048271,299568.47034516436,10075223.802020341,7783.316261373957
2019-01-20,12.73223051015687,8.871543631108562,16.304190461066952,12.73223051015687,12.73223051015687,-0.14476752394594528,-0.14476752394594528,-0.14476752394594528,-0.14476752394594528,-0.14476752394594528,-0.14476752394594528,0.0,0.0,0.0,12.587462986210923,292862.8154347104,12045363.571963958,7125.272823724741
2019-01-27,12.733282118079327,8.79237362628881,15.961062089716538,12.733282118079327,12.733282118079327,-0.42004623640337924,-0.42004623640337924,-0.42004623640337924,-0.42004623640337924,-0.42004623640337924,-0.42004623640337924,0.0,0.0,0.0,12.313235881675947,222622.18808119555,8546752.74369461,6582.841221722223
2019-02-03,12.734333726001786,8.538913886689098,16.09151674940185,12.734333726001786,12.734333726001786,-0.7052143531443174,-0.7052143531443174,-0.7052143531443174,-0.7052143531443174,-0.7052143531443174,-0.7052143531443174,0.0,0.0,0.0,12.029119372857469,167562.78652956465,9737711.087403566,5108.791534093158
2019-02-10,12.735385333924242,8.355653901598961,15.898244612960461,12.735385333924242,12.735385333924242,-0.5558883279722894,-0.5558883279722894,-0.5558883279722894,-0.5558883279722894,-0.5558883279722894,-0.5558883279722894,0.0,0.0,0.0,12.179497005951953,194753.87703320777,8026382.516736381,4253.165508657769
2019-02-17,12.7364369418467,9.280402280284964,16.560844486618794,12.7364369418467,12.7364369418467,0.13338176307213992,0.13338176307213992,0.13338176307213992,0.13338176307213992,0.13338176307213992,0.13338176307213992,0.0,0.0,0.0,12.86981870491884,388409.7547582831,15569811.270661857,10724.745804771823
2019-02-24,12.737488549769159,9.886119801995207,17.059194416207443,12.737488549769159,12.737488549769159,0.9168465005448676,0.9168465005448676,0.9168465005448676,0.9168465005448676,0.9168465005448676,0.9168465005448676,0.0,0.0,0.0,13.654335050314026,851141.6759464568,25627956.828299448,19654.643989706714
2019-03-03,12.738540157691615,10.147286719574362,17.54839754710862,12.738540157691615,12.738540157691615,1.2144425766826747,1.2144425766826747,1.2144425766826747,1.2144425766826747,1.2144425766826747,1.2144425766826747,0.0,0.0,0.0,13.95298273437429,1147368.7815815855,41799608.155677274,25520.760484311297
2019-03-10,12.739591765614072,10.064218159194981,17.32330119160686,12.739591765614072,12.739591765614072,0.9034401621482505,0.9034401621482505,0.9034401621482505,0.9034401621482505,0.9034401621482505,0.9034401621482505,0.0,0.0,0.0,13.643031927762323,841575.2729346091,33374448.881811302,23486.371182531453
2019-03-17,12.740643373536532,9.589282215148014,16.935439747339522,12.740643373536532,12.740643373536532,0.41068757120156224,0.41068757120156224,0.41068757120156224,0.41068757120156224,0.41068757120156224,0.41068757120156224,0.0,0.0,0.0,13.151330944738094,514694.6040161263,22644775.09565927,14606.380813795193
2019-03-24,12.741694981458988,9.466522304403531,16.662915007123395,12.741694981458988,12.741694981458988,0.2189874716211144,0.2189874716211144,0.2189874716211144,0.2189874716211144,0.2189874716211144,0.2189874716211144,0.0,0.0,0.0,12.960682453080102,425355.30146914395,17242967.70641684,12918.877610284539
2019-03-31,12.742746589381445,9.29330375067821,16.820417637697822,12.742746589381445,12.742746589381445,0.3788562509777551,0.3788562509777551,0.3788562509777551,0.3788562509777551,0.3788562509777551,0.3788562509777551,0.0,0.0,0.0,13.1216028403592,499618.876044933,20184339.4745521,10864.020187054888
2019-04-07,12.743798197303905,9.844925618207876,17.018641841586184,12.743798197303905,12.743798197303905,0.5692876647850915,0.5692876647850915,0.5692876647850915,0.5692876647850915,0.5692876647850915,0.5692876647850915,0.0,0.0,0.0,13.313085862088997,605060.7888260316,24609467.902709022,18861.39654195677
2019-04-14,12.74484980522636,9.717485026330817,16.90102060886347,12.74484980522636,12.74484980522636,0.5656732533131416,0.5656732533131416,0.5656732533131416,0.5656732533131416,0.5656732533131416,0.5656732533131416,0.0,0.0,0.0,13.310523058539502,603512.11964104,21878622.208116576,16604.42995086033
2019-04-21,12.74590141314882,9.64053909774303,17.01039271385386,12.74590141314882,12.74590141314882,0.5066035164384245,0.5066035164384245,0.5066035164384245,0.5066035164384245,0.5066035164384245,0.5066035164384245,0.0,0.0,0.0,13.252504929587245,569493.799189075,24407296.26657956,15374.630465851347
2019-04-28,12.746953021071278,10.043484899960845,17.106268239538352,12.746953021071278,12.746953021071278,0.6536937036434745,0.6536937036434745,0.6536937036434745,0.6536937036434745,0.6536937036434745,0.6536937036434745,0.0,0.0,0.0,13.400646724714752,660429.2032173055,26863208.706026405,23004.414953468524
2019-05-05,12.748004628993733,10.253487592014075,17.29818864459633,12.748004628993733,12.748004628993733,0.9921288630070222,0.9921288630070222,0.9921288630070222,0.9921288630070222,0.9921288630070222,0.9921288630070222,0.0,0.0,0.0,13.740133492000755,927392.7317813934,32546767.530582953,28380.35209230263
2019-05-12,12.749056236916193,10.074528413486323,17.565545049943857,12.749056236916193,12.749056236916193,1.1986152772128538,1.1986152772128538,1.1986152772128538,1.1986152772128538,1.1986152772128538,1.1986152772128538,0.0,0.0,0.0,13.947671514129047,1141291.0024679694,42522547.66164887,23729.784623032418
2019-05-19,12.75010784483865,10.328795361643229,17.40401303376303,12.75010784483865,12.75010784483865,1.014275266441423,1.014275266441423,1.014275266441423,1.014275266441423,1.014275266441423,1.014275266441423,0.0,0.0,0.0,13.764383111280074,950156.5683839987,36179854.12947753,30600.226279874973
2019-05-26,12.751159452761106,9.80132082506272,17.135453449217263,12.751159452761106,12.751159452761106,0.5491335135639652,0.5491335135639652,0.5491335135639652,0.5491335135639652,0.5491335135639652,0.5491335135639652,0.0,0.0,0.0,13.300292966325072,597369.5976280724,27658769.955659453,18056.58008767696
2019-06-02,12.752211060683566,8.861524365286575,16.257643571056324,12.752211060683566,12.752211060683566,0.15018588857357998,0.15018588857357998,0.15018588857357998,0.15018588857357998,0.15018588857357998,0.15018588857357998,0.0,0.0,0.0,12.902396949257145,401271.8702288492,11497538.00717576,7054.2292982788
2019-06-09,12.753262668606023,9.033025703544263,16.34503319398005,12.753262668606023,12.753262668606023,0.019509564339836975,0.019509564339836975,0.019509564339836975,0.019509564339836975,0.019509564339836975,0.019509564339836975,0.0,0.0,0.0,12.77277223294586,352487.13212805486,12547513.975059016,8374.162031444484
2019-06-16,12.75431427652848,9.290687725809306,16.711907519556757,12.75431427652848,12.75431427652848,0.053635832474702494,0.053635832474702494,0.053635832474702494,0.053635832474702494,0.053635832474702494,0.053635832474702494,0.0,0.0,0.0,12.807950109003182,365107.5950515056,18108780.051439937,10835.63416949686
2019-06-23,12.755365884450939,9.222551641576295,16.650847652796326,12.755365884450939,12.755365884450939,0.05558330563823056,0.05558330563823056,0.05558330563823056,0.05558330563823056,0.05558330563823056,0.05558330563823056,0.0,0.0,0.0,12.810949190089168,366204.2289582883,17036141.128041074,10121.861315622666
2019-06-30,12.756417492373394,9.065801999536388,16.408515618741585,12.756417492373394,12.756417492373394,-0.003436153686865083,-0.003436153686865083,-0.003436153686865083,-0.003436153686865083,-0.003436153686865083,-0.003436153686865083,0.0,0.0,0.0,12.75298133868653,345579.65481231443,13369887.623864356,8653.217034237447
2019-07-07,12.757469100295852,9.23509297120256,16.51522110643533,12.757469100295852,12.757469100295852,-0.009801965097475955,-0.009801965097475955,-0.009801965097475955,-0.009801965097475955,-0.009801965097475955,-0.009801965097475955,0.0,0.0,0.0,12.747667135198377,343748.03998852946,14875424.387042897,10249.61488146121
2019-07-14,12.758520708218311,9.117779241345657,16.415749810211565,12.758520708218311,12.758520708218311,0.06689357790806987,0.06689357790806987,0.06689357790806987,0.06689357790806987,0.06689357790806987,0.06689357790806987,0.0,0.0,0.0,12.825414286126382,371539.92037296365,13466958.649957446,9114.934829767379
2019-07-21,12.759572316140767,9.319429580513548,16.63437835607245,12.759572316140767,12.759572316140767,0.10404251947125134,0.10404251947125134,0.10404251947125134,0.10404251947125134,0.10404251947125134,0.10404251947125134,0.0,0.0,0.0,12.863614835612019,386007.5643407185,16757865.63897709,11151.618367811003
2019-07-28,12.760623924063225,9.23535329061702,16.29360091235545,12.760623924063225,12.760623924063225,0.021728947940176026,0.021728947940176026,0.021728947940176026,0.021728947940176026,0.021728947940176026,0.021728947940176026,0.0,0.0,0.0,12.7823528720034,355880.4226846384,11918481.594217788,10252.283662877744
2019-08-04,12.761675531985684,8.788292737739308,16.285900344915117,12.761675531985684,12.761675531985684,-0.05122710063897777,-0.05122710063897777,-0.05122710063897777,-0.05122710063897777,-0.05122710063897777,-0.05122710063897777,0.0,0.0,0.0,12.710448431346707,331189.30586934276,11827054.985387899,6556.028047468077
2019-08-11,12.76272713990814,9.137651606246418,16.35254680772511,12.76272713990814,12.76272713990814,0.07707371124188968,0.07707371124188968,0.07707371124188968,0.07707371124188968,0.07707371124188968,0.07707371124188968,0.0,0.0,0.0,12.839800851150029,376923.75254991546,12642146.225932289,9297.90198690123
2019-08-18,12.763564095962504,9.345420660706035,16.691686707369126,12.763564095962504,12.763564095962504,0.3591426026638998,0.3591426026638998,0.3591426026638998,0.3591426026638998,0.3591426026638998,0.3591426026638998,0.0,0.0,0.0,13.122706698626404,500170.6900817754,17746283.13333343,11445.286814451
2019-08-25,12.764401052016868,9.501534918689554,16.69131104939972,12.764401052016868,12.764401052016868,0.47096947139266054,0.47096947139266054,0.47096947139266054,0.47096947139266054,0.47096947139266054,0.47096947139266054,0.0,0.0,0.0,13.235370523409529,559818.9669363941,17739617.85228274,13379.248669708895
2019-09-01,12.76523800807123,9.299965828438943,16.56730369696116,12.76523800807123,12.76523800807123,0.15926672118006396,0.15926672118006396,0.15926672118006396,0.15926672118006396,0.15926672118006396,0.15926672118006396,0.0,0.0,0.0,12.924504729251295,410241.91106389475,15670705.460720206,10936.64544536003
2019-09-08,12.766074964125593,8.48838605533826,15.610109617938367,12.766074964125593,12.766074964125593,-0.42290871043778583,-0.42290871043778583,-0.42290871043778583,-0.42290871043778583,-0.42290871043778583,-0.42290871043778583,0.0,0.0,0.0,12.343166253687807,229386.10120303865,6017060.757215707,4857.019168618318
2019-09-15,12.766911920179956,8.508829650025268,15.522811864596008,12.766911920179956,12.766911920179956,-0.8324684500457197,-0.8324684500457197,-0.8324684500457197,-0.8324684500457197,-0.8324684500457197,-0.8324684500457197,0.0,0.0,0.0,11.934443470134235,152426.36555653237,5514059.621415367,4957.356678607712
2019-09-22,12.767748876234318,8.349421033560077,15.542957656033177,12.767748876234318,12.767748876234318,-0.8106693301103687,-0.8106693301103687,-0.8106693301103687,-0.8106693301103687,-0.8106693301103687,-0.8106693301103687,0.0,0.0,0.0,11.95707954612395,155916.07059359478,5626271.237481427,4226.732319291725
2019-09-29,12.76858583228868,8.777072089369566,15.916237125211167,12.76858583228868,12.76858583228868,-0.5609679360691061,-0.5609679360691061,-0.5609679360691061,-0.5609679360691061,-0.5609679360691061,-0.5609679360691061,0.0,0.0,0.0,12.207617896219574,200308.28904088854,8172104.340141206,6482.865176438505
2019-10-06,12.769422788343045,8.401863692903166,15.704096051856828,12.769422788343045,12.769422788343045,-0.48944265767499046,-0.48944265767499046,-0.48944265767499046,-0.48944265767499046,-0.48944265767499046,-0.48944265767499046,0.0,0.0,0.0,12.279980130668054,215340.43789422652,6610011.162602609,4454.3624423499205
2019-10-13,12.770259744397409,8.233276704036387,15.665033338284,12.770259744397409,12.770259744397409,-0.7182187721355197,-0.7182187721355197,-0.7182187721355197,-0.7182187721355197,-0.7182187721355197,-0.7182187721355197,0.0,0.0,0.0,12.052040972261889,171447.9737669488,6356784.215635736,3763.147564230808
2019-10-20,12.771096700451771,8.21675765094853,15.397176454662064,12.771096700451771,12.771096700451771,-0.9637573848347719,-0.9637573848347719,-0.9637573848347719,-0.9637573848347719,-0.9637573848347719,-0.9637573848347719,0.0,0.0,0.0,11.807339315617,134232.93167244308,4863049.406599116,3701.4781731106855
2019-10-27,12.771933656506134,8.087280120090586,15.426657277924935,12.771933656506134,12.771933656506134,-0.9195497134460893,-0.9195497134460893,-0.9195497134460893,-0.9195497134460893,-0.9195497134460893,-0.9195497134460893,0.0,0.0,0.0,11.852383943060044,140417.69866210796,5008550.341850619,3251.8282253723028
2019-11-03,12.772770612560496,8.437787926376023,15.975268849645474,12.772770612560496,12.772770612560496,-0.6540814108759538,-0.6540814108759538,-0.6540814108759538,-0.6540814108759538,-0.6540814108759538,-0.6540814108759538,0.0,0.0,0.0,12.118689201684543,183264.1337645861,8669041.025634088,4617.327596198708
2019-11-10,12.773607568614858,8.572010656044956,16.160514676186537,12.773607568614858,12.773607568614858,-0.519852832845086,-0.519852832845086,-0.519852832845086,-0.519852832845086,-0.519852832845086,-0.519852832845086,0.0,0.0,0.0,12.253754735769773,209766.43334905253,10433314.69417341,5280.7388812128665
2019-11-17,12.77444452466922,8.371927261052516,15.610033374997736,12.77444452466922,12.77444452466922,-0.6905931676109781,-0.6905931676109781,-0.6905931676109781,-0.6905931676109781,-0.6905931676109781,-0.6905931676109781,0.0,0.0,0.0,12.083851357058244,176989.50340867278,6016602.01622148,4322.961440008669
2019-11-24,12.775281480723585,8.19935221789432,15.456990471508417,12.775281480723585,12.775281480723585,-0.9183932754892448,-0.9183932754892448,-0.9183932754892448,-0.9183932754892448,-0.9183932754892448,-0.9183932754892448,0.0,0.0,0.0,11.856888205234341,141051.60786994037,5162803.365486107,3637.592528621474
2019-12-01,12.77611843677795,8.471785478106387,15.779712219637505,12.77611843677795,12.77611843677795,-0.8276059972219438,-0.8276059972219438,-0.8276059972219438,-0.8276059972219438,-0.8276059972219438,-0.8276059972219438,0.0,0.0,0.0,11.948512439556005,154586.0179205129,7129217.789071793,4777.038941912873
2019-12-08,12.776955392832312,8.787398550525051,16.174361449384907,12.776955392832312,12.776955392832312,-0.38299460316488915,-0.38299460316488915,-0.38299460316488915,-0.38299460316488915,-0.38299460316488915,-0.38299460316488915,0.0,0.0,0.0,12.393960789667423,241338.70629901154,10578787.288992267,6550.167457447334
2019-12-15,12.777792348886674,9.055394940349784,16.572188366900075,12.777792348886674,12.777792348886674,0.053798449458946886,0.053798449458946886,0.053798449458946886,0.053798449458946886,0.053798449458946886,0.053798449458946886,0.0,0.0,0.0,12.831590798345621,373841.8490347719,15747438.94579266,8563.61911942076
2019-12-22,12.778629304941036,9.145487398160698,16.528625091884134,12.778629304941036,12.778629304941036,0.14819068086233017,0.14819068086233017,0.14819068086233017,0.14819068086233017,0.14819068086233017,0.14819068086233017,0.0,0.0,0.0,12.926819985803366,411192.8290364335,15076156.673396215,9371.052469598266
2019-12-29,12.779466260995399,8.990715328864171,16.4033362800216,12.779466260995399,12.779466260995399,-0.036367739594737956,-0.036367739594737956,-0.036367739594737956,-0.036367739594737956,-0.036367739594737956,-0.036367739594737956,0.0,0.0,0.0,12.743098521400661,342181.16532942647,13300819.460139427,8027.197643346958
2020-01-05,12.780303217049761,9.091290376064624,16.223161925036226,12.780303217049761,12.780303217049761,-0.17630162309473424,-0.17630162309473424,-0.17630162309473424,-0.17630162309473424,-0.17630162309473424,-0.17630162309473424,0.0,0.0,0.0,12.604001593955028,297746.6497903604,11107841.241165427,8876.634151112215
2020-01-12,12.781140173104124,8.875361019281879,16.678491283645904,12.781140173104124,12.781140173104124,-0.13458888814014214,-0.13458888814014214,-0.13458888814014214,-0.13458888814014214,-0.13458888814014214,-0.13458888814014214,0.0,0.0,0.0,12.646551284963982,310689.11666058673,17513651.605927464,7152.528563091844
2020-01-19,12.78197712915849,8.911856424485293,16.243064189506597,12.78197712915849,12.78197712915849,-0.12228152965597491,-0.12228152965597491,-0.12228152965597491,-0.12228152965597491,-0.12228152965597491,-0.12228152965597491,0.0,0.0,0.0,12.659695599502514,314799.8826932378,11331127.031322783,7418.421917883061
2020-01-26,12.782814085212852,8.503098426296496,16.113065238316146,12.782814085212852,12.782814085212852,-0.35774275050737464,-0.35774275050737464,-0.35774275050737464,-0.35774275050737464,-0.35774275050737464,-0.35774275050737464,0.0,0.0,0.0,12.425071334705477,248964.9289866039,9949821.186943475,4929.020505193263
2020-02-02,12.783651041267214,8.510455193862771,16.203450701612983,12.783651041267214,12.783651041267214,-0.6747604162023387,-0.6747604162023387,-0.6747604162023387,-0.6747604162023387,-0.6747604162023387,-0.6747604162023387,0.0,0.0,0.0,12.108890625064875,181477.16548003253,10891035.850361584,4965.42325926475
2020-02-09,12.784487997321577,8.390559931681189,15.756442270290929,12.784487997321577,12.784487997321577,-0.6269194251374375,-0.6269194251374375,-0.6269194251374375,-0.6269194251374375,-0.6269194251374375,-0.6269194251374375,0.0,0.0,0.0,12.15756857218414,190529.69176214864,6965236.5460366225,4404.283661667412
2020-02-16,12.78532495337594,9.244835123555342,16.261138392569915,12.78532495337594,12.78532495337594,-0.015002783781142828,-0.015002783781142828,-0.015002783781142828,-0.015002783781142828,-0.015002783781142828,-0.015002783781142828,0.0,0.0,0.0,12.770322169594797,351624.57097006653,11537790.149909372,10349.965957393128
2020-02-23,12.786161909430302,9.982354209219936,17.329619260691924,12.786161909430302,12.786161909430302,0.7991707298866989,0.7991707298866989,0.7991707298866989,0.7991707298866989,0.7991707298866989,0.7991707298866989,0.0,0.0,0.0,13.585332639317,794391.2527343158,33585978.487519115,21640.200539556397
2020-03-01,12.786998865484664,10.434998174629635,17.497580556212807,12.786998865484664,12.786998865484664,1.2110636579425038,1.2110636579425038,1.2110636579425038,1.2110636579425038,1.2110636579425038,1.2110636579425038,0.0,0.0,0.0,13.998062523427167,1200275.5222580656,39728546.03777577,34029.01385479612
2020-03-08,12.78783582153903,10.214898629988818,17.457045831227497,12.78783582153903,12.78783582153903,0.9890977075562118,0.9890977075562118,0.9890977075562118,0.9890977075562118,0.9890977075562118,0.9890977075562118,0.0,0.0,0.0,13.776933529095242,962156.5879744565,38150362.01930182,27306.007411853956
2020-03-15,12.788672777593392,9.566298653697741,16.902976162385908,12.788672777593392,12.788672777593392,0.4864992800830834,0.4864992800830834,0.4864992800830834,0.4864992800830834,0.4864992800830834,0.4864992800830834,0.0,0.0,0.0,13.275172057676476,582550.0253054404,21921448.888081644,14274.479921769384
2020-03-22,12.789509733647755,9.330362108636567,16.468955584051063,12.789509733647755,12.789509733647755,0.2219430488836583,0.2219430488836583,0.2219430488836583,0.2219430488836583,0.2219430488836583,0.2219430488836583,0.0,0.0,0.0,13.011452782531412,447508.3823092321,14202882.765790911,11274.213598618862
2020-03-29,12.790346689702117,9.509233755465027,16.852665480997402,12.790346689702117,12.790346689702117,0.33716835011742546,0.33716835011742546,0.33716835011742546,0.33716835011742546,0.33716835011742546,0.33716835011742546,0.0,0.0,0.0,13.127515039819542,502581.4775223052,20845849.73725406,13482.65857745633
2020-04-05,12.79118364575648,9.561742760624796,17.342877998218675,12.79118364575648,12.79118364575648,0.5476747957134267,0.5476747957134267,0.5476747957134267,0.5476747957134267,0.5476747957134267,0.5476747957134267,0.0,0.0,0.0,13.338858441469906,620857.4781526173,34034251.3734314,14209.59028903324
2020-04-12,12.792020601810842,9.613693389221098,16.87881289927741,12.792020601810842,12.792020601810842,0.5785409493088227,0.5785409493088227,0.5785409493088227,0.5785409493088227,0.5785409493088227,0.5785409493088227,0.0,0.0,0.0,13.370561551119664,640855.9545173866,21398103.45666159,14967.352070467587
2020-04-19,12.792857557865204,9.63660829307694,17.032785078766018,12.792857557865204,12.792857557865204,0.5077292528413216,0.5077292528413216,0.5077292528413216,0.5077292528413216,0.5077292528413216,0.5077292528413216,0.0,0.0,0.0,13.300586810706527,597545.1574141968,24959998.433420915,15314.31049654859
2020-04-26,12.793694511930475,9.541015928139075,17.041895825641234,12.793694511930475,12.793694511930475,0.6076496847643886,0.6076496847643886,0.6076496847643886,0.6076496847643886,0.6076496847643886,0.6076496847643886,0.0,0.0,0.0,13.401344196694865,660889.9954550269,25188441.734638046,13918.08123029162
2020-05-03,12.794531465995744,10.197287170857253,17.333516844765338,12.794531465995744,12.794531465995744,0.9302327853156401,0.9302327853156401,0.9302327853156401,0.9302327853156401,0.9302327853156401,0.9302327853156401,0.0,0.0,0.0,13.724764251311385,913248.3668018532,33717138.10303506,26829.301233841397
2020-05-10,12.795368420061015,10.209041217400747,17.727697645021795,12.795368420061015,12.795368420061015,1.1870589503980122,1.1870589503980122,1.1870589503980122,1.1870589503980122,1.1870589503980122,1.1870589503980122,0.0,0.0,0.0,13.982427370459028,1181654.9622080685,50008203.75457509,27146.52653152782
2020-05-17,12.796205374126286,10.028674603774741,17.61704620104823,12.796205374126286,12.796205374126286,1.0760547333117356,1.0760547333117356,1.0760547333117356,1.0760547333117356,1.0760547333117356,1.0760547333117356,0.0,0.0,0.0,13.872260107438022,1058389.7026902344,44769881.29226222,22666.208594262676
2020-05-24,12.797042328191557,9.642802924964846,17.49292070496753,12.797042328191557,12.797042328191557,0.6375603910420456,0.6375603910420456,0.6375603910420456,0.6375603910420456,0.6375603910420456,0.6375603910420456,0.0,0.0,0.0,13.434602719233602,683239.8550628271,39543847.58625848,15409.477665790026
2020-05-31,12.797879282256828,9.52170049356347,16.55862427946395,12.797879282256828,12.797879282256828,0.20333028547894275,0.20333028547894275,0.20333028547894275,0.20333028547894275,0.20333028547894275,0.20333028547894275,0.0,0.0,0.0,13.00120956773577,442947.8447416591,15535281.407967096,13651.807997555225
2020-06-07,12.798716236322095,8.826745838828375,16.480192536724193,12.798716236322095,12.798716236322095,0.024625769650002793,0.024625769650002793,0.024625769650002793,0.024625769650002793,0.024625769650002793,0.024625769650002793,0.0,0.0,0.0,12.823342005972098,370770.7807088472,14363379.959357006,6813.076593929732
2020-06-14,12.799553190387366,9.157987601346807,16.413971234866022,12.799553190387366,12.799553190387366,0.04548938225793211,0.04548938225793211,0.04548938225793211,0.04548938225793211,0.04548938225793211,0.04548938225793211,0.0,0.0,0.0,12.845042572645298,378904.67431195575,13443027.935142685,9488.94030564724
2020-06-21,12.800390144452637,9.40317282924408,16.60972437897781,12.800390144452637,12.800390144452637,0.06182492320444834,0.06182492320444834,0.06182492320444834,0.06182492320444834,0.06182492320444834,0.06182492320444834,0.0,0.0,0.0,12.862215067657084,385467.61990864255,16349768.853628768,12125.796008443753
2020-06-28,12.801227098517908,9.139670370702627,16.00711398177726,12.801227098517908,12.801227098517908,0.006720064470573044,0.006720064470573044,0.006720064470573044,0.006720064470573044,0.006720064470573044,0.006720064470573044,0.0,0.0,0.0,12.80794716298848,365106.5194378013,8949550.540395584,9316.69324089013
2020-07-05,12.802064052583178,9.401266263085077,16.517590353014555,12.802064052583178,12.802064052583178,-0.016352159166658862,-0.016352159166658862,-0.016352159166658862,-0.016352159166658862,-0.016352159166658862,-0.016352159166658862,0.0,0.0,0.0,12.78571189341652,357077.845963305,14910709.721078454,12102.697495974942
2020-07-12,12.802901006648447,8.979573381004734,16.75337735313345,12.802901006648447,12.802901006648447,0.05156798900211774,0.05156798900211774,0.05156798900211774,0.05156798900211774,0.05156798900211774,0.05156798900211774,0.0,0.0,0.0,12.854468995650565,382493.28679387097,18875536.94580907,7938.244360461506
2020-07-19,12.803737960713717,9.296827795147786,16.683862043888606,12.803737960713717,12.803737960713717,0.10634864492730162,0.10634864492730162,0.10634864492730162,0.10634864492730162,0.10634864492730162,0.10634864492730162,0.0,0.0,0.0,12.910086605641018,404369.4149811215,17607966.279087022,10902.376546419695
2020-07-26,12.804574914778987,9.441861124766328,16.560770362486693,12.804574914778987,12.804574914778987,0.042019099061312085,0.042019099061312085,0.042019099061312085,0.042019099061312085,0.042019099061312085,0.042019099061312085,0.0,0.0,0.0,12.8465940138403,379492.9804272715,15568657.21461254,12604.154855195211
2020-08-02,12.805411868844258,9.175419366758883,16.57339218267366,12.805411868844258,12.805411868844258,-0.04906053078486539,-0.04906053078486539,-0.04906053078486539,-0.04906053078486539,-0.04906053078486539,-0.04906053078486539,0.0,0.0,0.0,12.756351338059392,346746.22597028886,15766407.377350846,9655.816970604506
2020-08-09,12.806248822909529,9.179822913875286,16.218319277636212,12.806248822909529,12.806248822909529,0.03687228533501458,0.03687228533501458,0.03687228533501458,0.03687228533501458,0.03687228533501458,0.03687228533501458,0.0,0.0,0.0,12.843121108244544,378177.3195644331,11054179.91412806,9698.434985479358
2020-08-16,12.8070857769748,9.438114485384933,16.464145791207304,12.8070857769748,12.8070857769748,0.31018861779604523,0.31018861779604523,0.31018861779604523,0.31018861779604523,0.31018861779604523,0.31018861779604523,0.0,0.0,0.0,13.117274394770845,497460.97215051367,14134733.859534578,12557.016246431716
2020-08-23,12.807922731040069,9.486588148106053,17.23525824830643,12.807922731040069,12.807922731040069,0.47906213188093383,0.47906213188093383,0.47906213188093383,0.47906213188093383,0.47906213188093383,0.47906213188093383,0.0,0.0,0.0,13.286984862921003,589472.3929057427,30561702.035350893,13180.74435727475
2020-08-30,12.80875968510534,9.364075952258075,16.8131574953963,12.80875968510534,12.80875968510534,0.2451262163078363,0.2451262163078363,0.2451262163078363,0.2451262163078363,0.2451262163078363,0.2451262163078363,0.0,0.0,0.0,13.053885901413176,466906.24655627646,20038328.960346363,11660.82484362619
2020-09-06,12.809596639170609,8.838695277741408,16.026362620405113,12.809596639170609,12.809596639170609,-0.3183113249645788,-0.3183113249645788,-0.3183113249645788,-0.3183113249645788,-0.3183113249645788,-0.3183113249645788,0.0,0.0,0.0,12.49128531420603,266007.97138490906,9123485.86259266,6894.989417391894
2020-09-13,12.81043359323588,8.257506469229678,15.72382385451869,12.81043359323588,12.81043359323588,-0.7893778800583584,-0.7893778800583584,-0.7893778800583584,-0.7893778800583584,-0.7893778800583584,-0.7893778800583584,0.0,0.0,0.0,12.021055713177521,166217.0422840881,6741706.941150328,3855.4658849951097
2020-09-20,12.81127054730115,8.597345388138779,15.732531229610034,12.81127054730115,12.81127054730115,-0.8426406229257657,-0.8426406229257657,-0.8426406229257657,-0.8426406229257657,-0.8426406229257657,-0.8426406229257657,0.0,0.0,0.0,11.968629924375385,157727.41243879887,6800665.83704746,5416.2597648170595
2020-09-27,12.81210750136642,8.42585987760069,15.87158767763915,12.81210750136642,12.81210750136642,-0.6029010994607005,-0.6029010994607005,-0.6029010994607005,-0.6029010994607005,-0.6029010994607005,-0.6029010994607005,0.0,0.0,0.0,12.20920640190572,200626.73434464316,7815250.301628603,4562.567200970077
2020-10-04,12.81294445543169,8.774805282982634,15.765777628880215,12.81294445543169,12.81294445543169,-0.4774533886185256,-0.4774533886185256,-0.4774533886185256,-0.4774533886185256,-0.4774533886185256,-0.4774533886185256,0.0,0.0,0.0,12.335491066813164,227632.25150647017,7030563.98930878,6468.184155247271
2020-10-11,12.813781409496961,8.510694578460699,15.79027654601347,12.813781409496961,12.813781409496961,-0.6645935585058269,-0.6645935585058269,-0.6645935585058269,-0.6645935585058269,-0.6645935585058269,-0.6645935585058269,0.0,0.0,0.0,12.149187850991135,188939.57960608276,7204932.416004166,4966.612286811569
2020-10-18,12.814618363562232,8.343046522390026,15.693091569540346,12.814618363562232,12.814618363562232,-0.935937804041241,-0.935937804041241,-0.935937804041241,-0.935937804041241,-0.935937804041241,-0.935937804041241,0.0,0.0,0.0,11.87868055952099,144159.21431977884,6537670.16827541,4199.86830584216
2020-10-25,12.815455317627503,8.175044361051585,15.746663659027195,12.815455317627503,12.815455317627503,-0.9514768326309235,-0.9514768326309235,-0.9514768326309235,-0.9514768326309235,-0.9514768326309235,-0.9514768326309235,0.0,0.0,0.0,11.86397848499658,142055.26421842637,6897458.125216187,3550.2124559686285
2020-11-01,12.81629227169277,8.490777346955314,15.991322730561349,12.81629227169277,12.81629227169277,-0.7025106563501265,-0.7025106563501265,-0.7025106563501265,-0.7025106563501265,-0.7025106563501265,-0.7025106563501265,0.0,0.0,0.0,12.113781615342644,182366.94760712507,8809335.919592036,4868.650009956053
2020-11-08,12.817129225758041,8.321939303066149,15.779135110011987,12.817129225758041,12.817129225758041,-0.5208610618696833,-0.5208610618696833,-0.5208610618696833,-0.5208610618696833,-0.5208610618696833,-0.5208610618696833,0.0,0.0,0.0,12.296268163888358,218876.64715596518,7125104.635270684,4112.128882198575
2020-11-15,12.817966179823312,8.515832721928925,16.084399690241867,12.817966179823312,12.817966179823312,-0.6441526396983362,-0.6441526396983362,-0.6441526396983362,-0.6441526396983362,-0.6441526396983362,-0.6441526396983362,0.0,0.0,0.0,12.173813540124975,193650.13385932863,9668653.250246812,4992.202277658832
2020-11-22,12.818803133888583,8.188106368468441,15.558572397712409,12.818803133888583,12.818803133888583,-0.8925783267570139,-0.8925783267570139,-0.8925783267570139,-0.8925783267570139,-0.8925783267570139,-0.8925783267570139,0.0,0.0,0.0,11.926224807131568,151178.75029399307,5714813.508405589,3596.902689656685
2020-11-29,12.819640087953854,8.21615989182562,15.874642222408923,12.819640087953854,12.819640087953854,-0.8753042217695023,-0.8753042217695023,-0.8753042217695023,-0.8753042217695023,-0.8753042217695023,-0.8753042217695023,0.0,0.0,0.0,11.944335866184352,153941.72031256027,7839158.832866611,3699.265644350842
2020-12-06,12.820477042019121,8.657369530674893,16.155326233456336,12.820477042019121,12.820477042019121,-0.47500893187401516,-0.47500893187401516,-0.47500893187401516,-0.47500893187401516,-0.47500893187401516,-0.47500893187401516,0.0,0.0,0.0,12.345468110145106,229914.72555844538,10379322.222753769,5751.383275857048
2020-12-13,12.821313996084392,9.359807748131935,16.74497718152303,12.821313996084392,12.821313996084392,-0.004498894479967817,-0.004498894479967817,-0.004498894479967817,-0.004498894479967817,-0.004498894479967817,-0.004498894479967817,0.0,0.0,0.0,12.816815101604424,368358.66912782204,18717643.283207912,11611.155868775968
2020-12-20,12.822150950149663,9.57344147554368,16.764101071205754,12.822150950149663,12.822150950149663,0.15932098127243016,0.15932098127243016,0.15932098127243016,0.15932098127243016,0.15932098127243016,0.15932098127243016,0.0,0.0,0.0,12.981471931422092,434290.7974095753,19079042.108978733,14376.812167032958
2020-12-27,12.822987904214934,9.242127353530242,16.313266319098965,12.822987904214934,12.822987904214934,0.0026907412929732047,0.0026907412929732047,0.0026907412929732047,0.0026907412929732047,0.0026907412929732047,0.0026907412929732047,0.0,0.0,0.0,12.825678645507907,371638.1536847614,12155183.19056662,10321.975834552682
2021-01-03,12.823824858393449,9.21886397474054,16.410678291133706,12.823824858393449,12.823824858393449,-0.1658527398637134,-0.1658527398637134,-0.1658527398637134,-0.1658527398637134,-0.1658527398637134,-0.1658527398637134,0.0,0.0,0.0,12.657972118529736,314257.7966333909,13398833.601928668,10084.600320958896
2021-01-10,12.824661812571964,8.977169478430003,16.000434276999123,12.824661812571964,12.824661812571964,-0.14899482460085917,-0.14899482460085917,-0.14899482460085917,-0.14899482460085917,-0.14899482460085917,-0.14899482460085917,0.0,0.0,0.0,12.675666987971105,319868.0550213167,8889969.391984629,7919.182111576224
2021-01-17,12.825498766750478,8.853668829047919,16.68543671007093,12.825498766750478,12.825498766750478,-0.10889820358898636,-0.10889820358898636,-0.10889820358898636,-0.10889820358898636,-0.10889820358898636,-0.10889820358898636,0.0,0.0,0.0,12.716600563161492,333233.11272513395,17635714.791289065,6999.023807113765
2021-01-24,12.826335720928991,9.090878963585538,16.19782649926349,12.826335720928991,12.826335720928991,-0.2989446593571899,-0.2989446593571899,-0.2989446593571899,-0.2989446593571899,-0.2989446593571899,-0.2989446593571899,0.0,0.0,0.0,12.527391061571802,275787.91781481967,10829954.383592695,8872.982532849863
2021-01-31,12.827172675107505,8.268583156087981,15.796995892942462,12.827172675107505,12.827172675107505,-0.6319483775844901,-0.6319483775844901,-0.6319483775844901,-0.6319483775844901,-0.6319483775844901,-0.6319483775844901,0.0,0.0,0.0,12.195224297523016,197841.0566223253,7253507.878154287,3898.420206585709
2021-02-07,12.82800962928602,8.38905594366103,15.798194239311348,12.82800962928602,12.82800962928602,-0.6782522337775592,-0.6782522337775592,-0.6782522337775592,-0.6782522337775592,-0.6782522337775592,-0.6782522337775592,0.0,0.0,0.0,12.14975739550846,189047.22032747942,7262205.304403872,4397.663147649701
2021-02-14,12.828846583464536,8.931172286239436,16.383845809046704,12.828846583464536,12.828846583464536,-0.15618649764013545,-0.15618649764013545,-0.15618649764013545,-0.15618649764013545,-0.15618649764013545,-0.15618649764013545,0.0,0.0,0.0,12.6726600858244,318907.6846665451,13044090.219037438,7563.127503346292
2021-02-21,12.829683537643051,9.88402021533496,17.04761988220844,12.829683537643051,12.829683537643051,0.667537077354992,0.667537077354992,0.667537077354992,0.667537077354992,0.667537077354992,0.667537077354992,0.0,0.0,0.0,13.497220614998042,727390.8556845924,25333035.241599333,19613.41855511801
2021-02-28,12.830520491821565,10.473478235172557,17.5690396762113,12.830520491821565,12.830520491821565,1.1857018146220897,1.1857018146220897,1.1857018146220897,1.1857018146220897,1.1857018146220897,1.1857018146220897,0.0,0.0,0.0,14.016222306443655,1222271.3991621204,42671408.03134423,35364.01151846961
2021-03-07,12.83135744600008,10.453203797893755,17.291195053723136,12.83135744600008,12.83135744600008,1.065331887227111,1.065331887227111,1.065331887227111,1.065331887227111,1.065331887227111,1.065331887227111,0.0,0.0,0.0,13.89668933322719,1084563.7725884945,32319942.831313677,34654.22538096945
2021-03-14,12.832194400178595,9.455155795510002,16.72948362183823,12.832194400178595,12.832194400178595,0.571083142283185,0.571083142283185,0.571083142283185,0.571083142283185,0.571083142283185,0.571083142283185,0.0,0.0,0.0,13.40327754246178,662168.9622075809,18429875.375517327,12772.855161397423
2021-03-21,12.833031354357109,9.310696679055116,16.767742336893928,12.833031354357109,12.833031354357109,0.238310293105237,0.238310293105237,0.238310293105237,0.238310293105237,0.238310293105237,0.238310293105237,0.0,0.0,0.0,13.071341647462345,475128.0106282014,19148640.610432833,11054.647684588625
2021-03-28,12.833868308535624,9.662746407574698,16.70884467925113,12.833868308535624,12.833868308535624,0.2984501277570953,0.2984501277570953,0.2984501277570953,0.2984501277570953,0.2984501277570953,0.2984501277570953,0.0,0.0,0.0,13.132318436292719,505001.38766343164,18053400.599451467,15719.901435663016
2021-04-04,12.83470526271414,9.582635884664825,17.153040398888194,12.83470526271414,12.83470526271414,0.5192087256766206,0.5192087256766206,0.5192087256766206,0.5192087256766206,0.5192087256766206,0.5192087256766206,0.0,0.0,0.0,13.35391398839076,630275.5614000983,28149505.994738095,14509.617250921898
2021-04-11,12.835542216892655,9.85036426664276,16.790985427685673,12.835542216892655,12.835542216892655,0.5875576984357225,0.5875576984357225,0.5875576984357225,0.5875576984357225,0.5875576984357225,0.5875576984357225,0.0,0.0,0.0,13.423099915328377,675425.6980054907,19598926.97762278,18964.2619562464
2021-04-18,12.836379171071169,9.83310891849827,16.757481623411767,12.836379171071169,12.836379171071169,0.5149956274962902,0.5149956274962902,0.5149956274962902,0.5149956274962902,0.5149956274962902,0.5149956274962902,0.0,0.0,0.0,13.35137479856746,628677.1997001916,18953166.452453136,18639.817013926786
2021-04-25,12.837216125249682,9.957811392431744,17.132643513028516,12.837216125249682,12.837216125249682,0.5697735633213796,0.5697735633213796,0.5697735633213796,0.5697735633213796,0.5697735633213796,0.5697735633213796,0.0,0.0,0.0,13.406989688571063,664631.6018676538,27581159.665262572,21115.52931059956
2021-05-02,12.838053079428196,10.137600097436735,17.411261117248234,12.838053079428196,12.838053079428196,0.8662858145031099,0.8662858145031099,0.8662858145031099,0.8662858145031099,0.8662858145031099,0.8662858145031099,0.0,0.0,0.0,13.704338893931306,894784.133319645,36443041.3893499,25274.734339094815
2021-05-09,12.838890033606711,10.354219129714394,17.744129286017895,12.838890033606711,12.838890033606711,1.16271661661771,1.16271661661771,1.16271661661771,1.16271661661771,1.16271661661771,1.16271661661771,0.0,0.0,0.0,14.00160665022442,1204537.001595629,50836708.82974176,31388.198933604523
2021-05-16,12.839726987785227,10.388943215039655,17.88231473946298,12.839726987785227,12.839726987785227,1.126505822830099,1.126505822830099,1.126505822830099,1.126505822830099,1.126505822830099,1.126505822830099,0.0,0.0,0.0,13.966232810615326,1162672.683697918,58370122.87779056,32497.305062657997
2021-05-23,12.840563941963742,10.033875211559849,17.346996530729623,12.840563941963742,12.840563941963742,0.7263963838837064,0.7263963838837064,0.7263963838837064,0.7263963838837064,0.7263963838837064,0.7263963838837064,0.0,0.0,0.0,13.566960325847448,779929.6822819819,34174711.59476711,22784.398920124724
2021-05-30,12.841400896142256,9.45587315882829,16.66852988767031,12.841400896142256,12.841400896142256,0.26558017844044624,0.26558017844044624,0.26558017844044624,0.26558017844044624,0.26558017844044624,0.26558017844044624,0.0,0.0,0.0,13.106981074582702,492366.7002547496,17340057.233949907,12782.021944087039
2021-06-06,12.842237850320771,9.259971917273264,16.62278680878952,12.842237850320771,12.842237850320771,0.03653773894887282,0.03653773894887282,0.03653773894887282,0.03653773894887282,0.03653773894887282,0.03653773894887282,0.0,0.0,0.0,12.878775589269644,391904.331867875,16564737.524754345,10507.838219474452
2021-06-13,12.843074804499286,9.238515778175758,16.634939007558756,12.843074804499286,12.843074804499286,0.03673187965837331,0.03673187965837331,0.03673187965837331,0.03673187965837331,0.03673187965837331,0.03673187965837331,0.0,0.0,0.0,12.879806684157659,392308.6318521538,16767263.596058695,10284.760872215113
2021-06-20,12.8439117586778,9.363757937958198,16.62534756578298,12.8439117586778,12.8439117586778,0.06524120087360757,0.06524120087360757,0.06524120087360757,0.06524120087360757,0.06524120087360757,0.06524120087360757,0.0,0.0,0.0,12.909152959551408,403992.05231342197,16607210.152606424,11657.11680619897
2021-06-27,12.844748712856315,8.99008553319359,16.470479362256107,12.844748712856315,12.844748712856315,0.018056919987803736,0.018056919987803736,0.018056919987803736,0.018056919987803736,0.018056919987803736,0.018056919987803736,0.0,0.0,0.0,12.862805632844118,385695.3314889024,14224541.307738338,8022.143111056949
2021-07-04,12.84558566703483,8.764557086707597,16.41036708626647,12.84558566703483,12.84558566703483,-0.019455004208985594,-0.019455004208985594,-0.019455004208985594,-0.019455004208985594,-0.019455004208985594,-0.019455004208985594,0.0,0.0,0.0,12.826130662825845,371806.17899056396,13394664.468146246,6402.22524350155
2021-07-11,12.846422621213344,9.345294135702543,16.70083312490973,12.846422621213344,12.846422621213344,0.03584791877376939,0.03584791877376939,0.03584791877376939,0.03584791877376939,0.03584791877376939,0.03584791877376939,0.0,0.0,0.0,12.882270539987113,393276.4179787028,17909342.626160353,11443.838664587354
2021-07-18,12.84725957539186,9.459222636817492,16.613433964269767,12.84725957539186,12.84725957539186,0.10422028380751613,0.10422028380751613,0.10422028380751613,0.10422028380751613,0.10422028380751613,0.10422028380751613,0.0,0.0,0.0,12.951479859199376,421458.87627966463,16410532.35341659,12824.910181230469
2021-07-25,12.848096529570373,9.062294548053195,16.463026074428218,12.848096529570373,12.848096529570373,0.06107018315354301,0.06107018315354301,0.06107018315354301,0.06107018315354301,0.06107018315354301,0.06107018315354301,0.0,0.0,0.0,12.909166712723916,403997.6085377704,14118915.817260765,8622.915958705187
2021-08-01,12.848933483748887,9.159656739719281,16.262338253992002,12.848933483748887,12.848933483748887,-0.04067124783122812,-0.04067124783122812,-0.04067124783122812,-0.04067124783122812,-0.04067124783122812,-0.04067124783122812,0.0,0.0,0.0,12.808262235917658,365221.57305760414,11551642.209020056,9504.793556117602
2021-08-08,12.849770437927402,9.239891191767578,16.390128269100906,12.849770437927402,12.849770437927402,0.0035989969595985904,0.0035989969595985904,0.0035989969595985904,0.0035989969595985904,0.0035989969595985904,0.0035989969595985904,0.0,0.0,0.0,12.853369434887,382072.9422233739,13126297.161593402,10298.917781091617
2021-08-15,12.850607392105918,9.288245848275178,16.73755326727734,12.850607392105918,12.850607392105918,0.25796136387407625,0.25796136387407625,0.25796136387407625,0.25796136387407625,0.25796136387407625,0.25796136387407625,0.0,0.0,0.0,13.108568755979993,493149.04418518353,18579199.62992683,10809.20471784763
2021-08-22,12.851444346284431,9.367646104580755,17.046403774627,12.851444346284431,12.851444346284431,0.47318511366320815,0.47318511366320815,0.47318511366320815,0.47318511366320815,0.47318511366320815,0.47318511366320815,0.0,0.0,0.0,13.324629459947639,612085.8480149973,25302246.269310825,11702.533743940268
2021-08-29,12.852281300462947,9.766457294845369,16.710686041948474,12.852281300462947,12.852281300462947,0.3194004546178985,0.3194004546178985,0.3194004546178985,0.3194004546178985,0.3194004546178985,0.3194004546178985,0.0,0.0,0.0,13.171681755080845,525276.3853441126,18086674.08459259,17437.876854516162
2021-09-05,12.853118254641462,8.978226744001104,16.21600451743336,12.853118254641462,12.853118254641462,-0.21048398894141182,-0.21048398894141182,-0.21048398894141182,-0.21048398894141182,-0.21048398894141182,-0.21048398894141182,0.0,0.0,0.0,12.64263426570005,309474.5178449627,11028621.728020893,7927.560275631409
2021-09-12,12.853955208819977,8.150455977458813,15.74347562773305,12.853955208819977,12.853955208819977,-0.7315846848244212,-0.7315846848244212,-0.7315846848244212,-0.7315846848244212,-0.7315846848244212,-0.7315846848244212,0.0,0.0,0.0,12.122370523995556,183940.03513241195,6875503.823769389,3463.958648364365
2021-09-19,12.854792163557542,8.42151227374869,15.75869612943117,12.854792163557542,12.854792163557542,-0.8644034876247931,-0.8644034876247931,-0.8644034876247931,-0.8644034876247931,-0.8644034876247931,-0.8644034876247931,0.0,0.0,0.0,11.99038867593275,161196.99579320647,6980952.914931444,4542.769685688938
2021-09-26,12.855629118295106,8.489681599179178,15.958018166433892,12.855629118295106,12.855629118295106,-0.6491332766825567,-0.6491332766825567,-0.6491332766825567,-0.6491332766825567,-0.6491332766825567,-0.6491332766825567,0.0,0.0,0.0,12.206495841612549,200083.65712849412,8520776.635679852,4863.317024124361
2021-10-03,12.856466073032673,8.61956069126359,16.147447814488277,12.856466073032673,12.856466073032673,-0.4767575799486966,-0.4767575799486966,-0.4767575799486966,-0.4767575799486966,-0.4767575799486966,-0.4767575799486966,0.0,0.0,0.0,12.379708493083976,237923.4566140466,10297870.84115823,5537.952548866916
2021-10-10,12.857303027770236,8.42611626796691,15.859279834398741,12.857303027770236,12.857303027770236,-0.613995246139406,-0.613995246139406,-0.613995246139406,-0.613995246139406,-0.613995246139406,-0.613995246139406,0.0,0.0,0.0,12.24330778163083,207586.40972350002,7719650.931557723,4563.737405644193
2021-10-17,12.8581399825078,8.093313142802216,15.653030013054332,12.8581399825078,12.8581399825078,-0.8989223791609742,-0.8989223791609742,-0.8989223791609742,-0.8989223791609742,-0.8989223791609742,-0.8989223791609742,0.0,0.0,0.0,11.959217603346827,156249.7868376342,6280937.770709936,3271.511928343673
2021-10-24,12.858976937245364,8.547677477543601,15.437057636845495,12.858976937245364,12.858976937245364,-0.9739024059601679,-0.9739024059601679,-0.9739024059601679,-0.9739024059601679,-0.9739024059601679,-0.9739024059601679,0.0,0.0,0.0,11.885074531285197,145083.92379239405,5060912.896164464,5153.768448232614
2021-10-31,12.859813891982931,8.376760292532802,15.688801749181964,12.859813891982931,12.859813891982931,-0.7533763794470294,-0.7533763794470294,-0.7533763794470294,-0.7533763794470294,-0.7533763794470294,-0.7533763794470294,0.0,0.0,0.0,12.106437512535901,181032.52471844835,6509684.802414287,4343.909863185687
2021-11-07,12.860650846720496,8.559593076621484,16.035745639357636,12.860650846720496,12.860650846720496,-0.5328945948315466,-0.5328945948315466,-0.5328945948315466,-0.5328945948315466,-0.5328945948315466,-0.5328945948315466,0.0,0.0,0.0,12.32775625188895,225878.3422614773,9209494.592484847,5215.558001091211
2021-11-14,12.86148780145806,8.614416471989884,15.610962171603076,12.86148780145806,12.86148780145806,-0.6023649756749158,-0.6023649756749158,-0.6023649756749158,-0.6023649756749158,-0.6023649756749158,-0.6023649756749158,0.0,0.0,0.0,12.259122825783143,210895.51159865316,6022192.812633075,5509.532125527736
2021-11-21,12.862324756195626,8.488541766364603,15.539693914439743,12.862324756195626,12.862324756195626,-0.857446524272336,-0.857446524272336,-0.857446524272336,-0.857446524272336,-0.857446524272336,-0.857446524272336,0.0,0.0,0.0,12.004878231923291,163549.68674082006,5607938.471742404,4857.775674665696
2021-11-28,12.86316171093319,8.361025041994342,15.515877391669123,12.86316171093319,12.86316171093319,-0.9094579677516443,-0.9094579677516443,-0.9094579677516443,-0.9094579677516443,-0.9094579677516443,-0.9094579677516443,0.0,0.0,0.0,11.953703743181546,155390.61270806365,5475954.788480347,4276.0767034111
2021-12-05,12.863998665670755,8.5485382296407,15.959770189661736,12.863998665670755,12.863998665670755,-0.5645937529261009,-0.5645937529261009,-0.5645937529261009,-0.5645937529261009,-0.5645937529261009,-0.5645937529261009,0.0,0.0,0.0,12.299404912744654,219564.2892818561,8535718.321284916,5158.207336101447
2021-12-12,12.86483562040832,9.189859828029233,16.547460239674376,12.86483562040832,12.86483562040832,-0.07371226067640638,-0.07371226067640638,-0.07371226067640638,-0.07371226067640638,-0.07371226067640638,-0.07371226067640638,0.0,0.0,0.0,12.791123359731913,359015.40389664,15362809.430377124,9796.277579243198
2021-12-19,12.865672575145885,9.252635115191186,16.8433911225953,12.865672575145885,12.865672575145885,0.15923441709236325,0.15923441709236325,0.15923441709236325,0.15923441709236325,0.15923441709236325,0.15923441709236325,0.0,0.0,0.0,13.024906992238249,453569.9527682794,20653411.59582508,10431.019101267699
2021-12-26,12.866509529883448,9.272717327686191,16.837633808589008,12.866509529883448,12.866509529883448,0.04173590771048681,0.04173590771048681,0.04173590771048681,0.04173590771048681,0.04173590771048681,0.04173590771048681,0.0,0.0,0.0,12.908245437593935,403625.5860610182,20534845.054121956,10642.634870107999
2022-01-02,12.867346484621015,8.959983350261412,16.43734835212793,12.867346484621015,12.867346484621015,-0.14834272191205952,-0.14834272191205952,-0.14834272191205952,-0.14834272191205952,-0.14834272191205952,-0.14834272191205952,0.0,0.0,0.0,12.719003762708954,334034.9038401699,13760989.22804919,7784.227839091897
2022-01-09,12.868183439358578,9.192565879381785,16.30625798339216,12.868183439358578,12.868183439358578,-0.16235208709407367,-0.16235208709407367,-0.16235208709407367,-0.16235208709407367,-0.16235208709407367,-0.16235208709407367,0.0,0.0,0.0,12.705831352264504,329663.69867059373,12070293.39473383,9822.825419196763
2022-01-16,12.869020394096143,9.091545038545604,16.886097583785773,12.869020394096143,12.869020394096143,-0.10391332636277917,-0.10391332636277917,-0.10391332636277917,-0.10391332636277917,-0.10391332636277917,-0.10391332636277917,0.0,0.0,0.0,12.765107067733364,349795.58112982835,21554551.0405057,8878.895239345324
2022-01-23,12.869857348833708,8.787209064466246,16.04946051982961,12.869857348833708,12.869857348833708,-0.24579937934995408,-0.24579937934995408,-0.24579937934995408,-0.24579937934995408,-0.24579937934995408,-0.24579937934995408,0.0,0.0,0.0,12.624057969483754,303778.67656309827,9336671.840646232,6548.926220147549
2022-01-30,12.870694303571273,8.7044505379907,16.017355819935418,12.870694303571273,12.870694303571273,-0.5795786249884758,-0.5795786249884758,-0.5795786249884758,-0.5795786249884758,-0.5795786249884758,-0.5795786249884758,0.0,0.0,0.0,12.291115678582798,217751.78370506092,9041681.38813711,6028.68794513966
2022-02-06,12.871531258308837,8.543179315251269,15.97459393375441,12.871531258308837,12.871531258308837,-0.7097929162701199,-0.7097929162701199,-0.7097929162701199,-0.7097929162701199,-0.7097929162701199,-0.7097929162701199,0.0,0.0,0.0,12.161738342038717,191325.8195783933,8663192.125390563,5130.6335344796835
2022-02-13,12.872368213046403,8.824704055714554,15.989224297166418,12.872368213046403,12.872368213046403,-0.2867017367458359,-0.2867017367458359,-0.2867017367458359,-0.2867017367458359,-0.2867017367458359,-0.2867017367458359,0.0,0.0,0.0,12.585666476300567,292337.15500636015,8790869.494870216,6799.177921270022
2022-02-20,12.873205167783967,9.903624233979967,16.959700274791544,12.873205167783967,12.873205167783967,0.5253314403290007,0.5253314403290007,0.5253314403290007,0.5253314403290007,0.5253314403290007,0.5253314403290007,0.0,0.0,0.0,13.398536608112968,659037.0877606887,23200867.58145507,20001.733815703457
2022-02-27,12.874042122521532,10.395144059346485,17.649621290629497,12.874042122521532,12.874042122521532,1.13816657009451,1.13816657009451,1.13816657009451,1.13816657009451,1.13816657009451,1.13816657009451,0.0,0.0,0.0,14.012208692616042,1217375.5014534765,46252277.73382366,32699.44807354914
2022-03-06,12.874879077259095,10.199929043689519,17.372274124130254,12.874879077259095,12.874879077259095,1.1288454280862812,1.1288454280862812,1.1288454280862812,1.1288454280862812,1.1288454280862812,1.1288454280862812,0.0,0.0,0.0,14.003724505345376,1207090.7418420967,35049576.74416611,26900.277191197987
2022-03-13,12.875716031996662,9.951545273224077,17.28594329996935,12.875716031996662,12.875716031996662,0.6617769344320092,0.6617769344320092,0.6617769344320092,0.6617769344320092,0.6617769344320092,0.6617769344320092,0.0,0.0,0.0,13.53749296642867,757282.4996175142,32150651.372603275,20983.6243184851
2022-03-20,12.876552986734225,9.47328657324599,16.653142500165263,12.876552986734225,12.876552986734225,0.2686296451530464,0.2686296451530464,0.2686296451530464,0.2686296451530464,0.2686296451530464,0.2686296451530464,0.0,0.0,0.0,13.145182631887272,511539.8027104751,17075281.367240816,13006.567380085027
2022-03-27,12.87738994147179,9.367853429105443,17.0809105388295,12.87738994147179,12.87738994147179,0.2650665219174226,0.2650665219174226,0.2650665219174226,0.2650665219174226,0.2650665219174226,0.2650665219174226,0.0,0.0,0.0,13.142456463389212,510147.1554467158,26190583.62875651,11704.96042505746
2022-04-03,12.878226896209357,9.659132469199271,17.148362274944102,12.878226896209357,12.878226896209357,0.4848424292969222,0.4848424292969222,0.4848424292969222,0.4848424292969222,0.4848424292969222,0.4848424292969222,0.0,0.0,0.0,13.36306932550628,636072.4515461642,28018126.656067874,15663.189604923062
2022-04-10,12.87906385094692,9.85409800844993,17.282192858079007,12.87906385094692,12.87906385094692,0.591274606982785,0.591274606982785,0.591274606982785,0.591274606982785,0.591274606982785,0.591274606982785,0.0,0.0,0.0,13.470338457929705,708097.4792080685,32030298.049288165,19035.205708104615
2022-04-17,12.879900805684487,9.999682905978156,17.235097012807344,12.879900805684487,12.879900805684487,0.5268104142105735,0.5268104142105735,0.5268104142105735,0.5268104142105735,0.5268104142105735,0.5268104142105735,0.0,0.0,0.0,13.40671121989506,664446.5482739939,30556774.801142294,22018.482441429158
2022-04-24,12.88073776042205,10.019104049947035,17.09179811532361,12.88073776042205,12.88073776042205,0.5407239070854895,0.5407239070854895,0.5407239070854895,0.5407239070854895,0.5407239070854895,0.5407239070854895,0.0,0.0,0.0,13.42146166750754,674320.0875685673,26477293.578387007,22450.305657601508
2022-05-01,12.881574715159616,10.376607857835753,17.24311190409568,12.881574715159616,12.881574715159616,0.8026224799500141,0.8026224799500141,0.8026224799500141,0.8026224799500141,0.8026224799500141,0.8026224799500141,0.0,0.0,0.0,13.684197195109629,876941.929990377,30802668.125124227,32098.889214027593
2022-05-08,12.882411669897179,10.308755155797702,17.42322401020322,12.882411669897179,12.882411669897179,1.1268364326580433,1.1268364326580433,1.1268364326580433,1.1268364326580433,1.1268364326580433,1.1268364326580433,0.0,0.0,0.0,14.009248102555222,1213776.6786312049,36881623.73073173,29993.075439686218
2022-05-15,12.883248624634746,10.265168720105585,17.86537784629087,12.883248624634746,12.883248624634746,1.1643316219757327,1.1643316219757327,1.1643316219757327,1.1643316219757327,1.1643316219757327,1.1643316219757327,0.0,0.0,0.0,14.047580246610478,1261206.6176173221,57389839.23830329,28713.822163019096
2022-05-22,12.884085579372309,10.392951388993428,17.35742895938453,12.884085579372309,12.884085579372309,0.8133539513920652,0.8133539513920652,0.8133539513920652,0.8133539513920652,0.8133539513920652,0.8133539513920652,0.0,0.0,0.0,13.697439530764374,888631.9332640597,34533103.041842945,32627.825321764467
2022-05-29,12.8849225340263,9.235386565109039,16.996646197211646,12.8849225340263,12.8849225340263,0.3361454038388275,0.3361454038388275,0.3361454038388275,0.3361454038388275,0.3361454038388275,0.3361454038388275,0.0,0.0,0.0,13.221067937865127,551869.0814496485,24074076.501308095,10252.62484135939
2022-06-05,12.885759488680291,9.293132003703002,16.688184996786603,12.885759488680291,12.885759488680291,0.05635268400381837,0.05635268400381837,0.05635268400381837,0.05635268400381837,0.05635268400381837,0.05635268400381837,0.0,0.0,0.0,12.942112172684109,417529.20697183325,17684249.45776034,10862.154312935903
2022-06-12,12.886596443334282,9.035914249395661,16.53032197702806,12.886596443334282,12.886596443334282,0.028535401978260946,0.028535401978260946,0.028535401978260946,0.028535401978260946,0.028535401978260946,0.028535401978260946,0.0,0.0,0.0,12.915131845312542,406414.7158187404,15101760.898950882,8398.389044559079
2022-06-19,12.887433397988273,9.222228655726324,16.49381160053684,12.887433397988273,12.887433397988273,0.0656313334114245,0.0656313334114245,0.0656313334114245,0.0656313334114245,0.0656313334114245,0.0656313334114245,0.0,0.0,0.0,12.953064731399698,422127.36591652513,14560333.880997712,10118.592302607392
2022-06-26,12.888270352642264,9.219662062847322,16.50286823638739,12.888270352642264,12.888270352642264,0.02972356068703269,0.02972356068703269,0.02972356068703269,0.02972356068703269,0.02972356068703269,0.02972356068703269,0.0,0.0,0.0,12.917993913329298,407579.571393281,14692800.477302259,10092.652731463924
2022-07-03,12.889107307296257,9.232866702742834,16.474194720199165,12.889107307296257,12.889107307296257,-0.019053470431205848,-0.019053470431205848,-0.019053470431205848,-0.019053470431205848,-0.019053470431205848,-0.019053470431205848,0.0,0.0,0.0,12.87005383686505,388501.093272859,14277488.872658879,10226.81964443138
2022-07-10,12.889944261950248,9.176904262397038,16.529115663390616,12.889944261950248,12.889944261950248,0.020708740747996352,0.020708740747996352,0.020708740747996352,0.020708740747996352,0.020708740747996352,0.020708740747996352,0.0,0.0,0.0,12.910653002698245,404598.5140685963,15083554.421191795,9670.166987504657
2022-07-17,12.890781216604239,9.346870318091439,16.85933186866331,12.890781216604239,12.890781216604239,0.0979706185845047,0.0979706185845047,0.0979706185845047,0.0979706185845047,0.0979706185845047,0.0979706185845047,0.0,0.0,0.0,12.988751835188744,437463.9359591132,20985280.492862392,11461.892041704183
2022-07-24,12.89161817125823,9.54320456432645,16.98952984414762,12.89161817125823,12.89161817125823,0.0777425946811425,0.0777425946811425,0.0777425946811425,0.0777425946811425,0.0777425946811425,0.0777425946811425,0.0,0.0,0.0,12.969360765939372,429062.7404193117,23903365.00818379,13948.578396594363
2022-07-31,12.892455125912221,9.067739172784272,16.709474865468483,12.892455125912221,12.892455125912221,-0.027217472315901332,-0.027217472315901332,-0.027217472315901332,-0.027217472315901332,-0.027217472315901332,-0.027217472315901332,0.0,0.0,0.0,12.865237653596319,386634.49454023875,18064781.189884774,8669.998000529293
2022-08-07,12.893292080566212,9.335517414676582,16.435974143773013,12.893292080566212,12.893292080566212,-0.021993926391489078,-0.021993926391489078,-0.021993926391489078,-0.021993926391489078,-0.021993926391489078,-0.021993926391489078,0.0,0.0,0.0,12.871298154174722,388984.8140410114,13742091.747817388,11332.49086488728
2022-08-14,12.894129035220203,9.238715738543695,16.990596349962193,12.894129035220203,12.894129035220203,0.20477150890851414,0.20477150890851414,0.20477150890851414,0.20477150890851414,0.20477150890851414,0.20477150890851414,0.0,0.0,0.0,13.098900544128718,488404.1394162999,23928871.686111886,10286.817822391033
2022-08-21,12.894965989874194,9.767961830838175,17.07595092762905,12.894965989874194,12.894965989874194,0.4545713925311283,0.4545713925311283,0.4545713925311283,0.4545713925311283,0.4545713925311283,0.4545713925311283,0.0,0.0,0.0,13.349537382405323,627523.1168052532,26061010.094662204,17464.134019890047
2022-08-28,12.895802944528185,9.452529682998735,17.241255605046,12.895802944528185,12.895802944528185,0.38047335322498965,0.38047335322498965,0.38047335322498965,0.38047335322498965,0.38047335322498965,0.38047335322498965,0.0,0.0,0.0,13.276276297753174,583193.6567907437,30745542.197506122,12739.35358924339
2022-09-04,12.896639899182176,9.022314288676943,16.506079353466923,12.896639899182176,12.896639899182176,-0.10237256454690465,-0.10237256454690465,-0.10237256454690465,-0.10237256454690465,-0.10237256454690465,-0.10237256454690465,0.0,0.0,0.0,12.794267334635272,360145.9186842238,14740056.614961697,8284.930945091846
2022-09-11,12.897476853836167,8.368844305625922,16.11919107479908,12.897476853836167,12.897476853836167,-0.6601255364727129,-0.6601255364727129,-0.6601255364727129,-0.6601255364727129,-0.6601255364727129,-0.6601255364727129,0.0,0.0,0.0,12.237351317363455,206353.59797963206,10010959.240365915,4309.651387314643
2022-09-18,12.898313808490157,8.175343874189439,15.63273020096245,12.898313808490157,12.898313808490157,-0.8739905853783985,-0.8739905853783985,-0.8739905853783985,-0.8739905853783985,-0.8739905853783985,-0.8739905853783985,0.0,0.0,0.0,12.024323223111757,166761.04967927135,6154721.313355822,3551.2762500567023
2022-09-25,12.899150763144151,8.531355683289974,15.892609673207447,12.899150763144151,12.899150763144151,-0.6971256188390925,-0.6971256188390925,-0.6971256188390925,-0.6971256188390925,-0.6971256188390925,-0.6971256188390925,0.0,0.0,0.0,12.20202514430506,199191.13577358713,7981281.519226102,5070.316275429464
2022-10-02,12.899987717798139,8.750863341706644,16.168783521261055,12.899987717798139,12.899987717798139,-0.4872673229219805,-0.4872673229219805,-0.4872673229219805,-0.4872673229219805,-0.4872673229219805,-0.4872673229219805,0.0,0.0,0.0,12.412720394876159,245908.87718297946,10519943.833130173,6315.138740871108
2022-10-09,12.900824672452131,8.787575787691843,16.131435523374353,12.900824672452131,12.900824672452131,-0.5687104414941447,-0.5687104414941447,-0.5687104414941447,-0.5687104414941447,-0.5687104414941447,-0.5687104414941447,0.0,0.0,0.0,12.332114230957986,226864.86777461012,10134291.454803227,6551.328670708705
2022-10-16,12.901661627106122,8.42817781300589,15.560732776415358,12.901661627106122,12.901661627106122,-0.8543580185482692,-0.8543580185482692,-0.8543580185482692,-0.8543580185482692,-0.8543580185482692,-0.8543580185482692,0.0,0.0,0.0,12.047303608557852,170637.67846872687,5727173.017764193,4573.157524059974
2022-10-23,12.902498581760113,8.327850385076585,15.492340336288029,12.902498581760113,12.902498581760113,-0.98571122889782,-0.98571122889782,-0.98571122889782,-0.98571122889782,-0.98571122889782,-0.98571122889782,0.0,0.0,0.0,11.916787352862293,149758.70963823644,5348571.903545447,4136.513924329798
2022-10-30,12.903335536414104,8.50268075863494,16.00289894154193,12.903335536414104,12.903335536414104,-0.8042568792811912,-0.8042568792811912,-0.8042568792811912,-0.8042568792811912,-0.8042568792811912,-0.8042568792811912,0.0,0.0,0.0,12.099078657132914,179705.2149171879,8911907.210372679,4926.961825009428
2022-11-06,12.904172491068095,8.52511312594824,15.92217830624262,12.904172491068095,12.904172491068095,-0.5554023904979478,-0.5554023904979478,-0.5554023904979478,-0.5554023904979478,-0.5554023904979478,-0.5554023904979478,0.0,0.0,0.0,12.348770100570148,230675.15986527925,8220800.811411701,5038.756900872444
2022-11-13,12.905009445722087,8.905533093998685,16.088352681358224,12.905009445722087,12.905009445722087,-0.5673864042508631,-0.5673864042508631,-0.5673864042508631,-0.5673864042508631,-0.5673864042508631,-0.5673864042508631,0.0,0.0,0.0,12.337623041471224,228118.07753037987,9706948.996108886,7371.654479890896
2022-11-20,12.905846400376078,8.502527073901565,15.836083682337236,12.905846400376078,12.905846400376078,-0.8152396144592552,-0.8152396144592552,-0.8152396144592552,-0.8152396144592552,-0.8152396144592552,-0.8152396144592552,0.0,0.0,0.0,12.090606785916822,178189.19782582138,7542645.569711891,4926.204530704047
2022-11-27,12.906683355030069,8.214945238714208,15.645580832213836,12.906683355030069,12.906683355030069,-0.9295799787223232,-0.9295799787223232,-0.9295799787223232,-0.9295799787223232,-0.9295799787223232,-0.9295799787223232,0.0,0.0,0.0,11.977103376307745,159069.59498898077,6234323.7556247935,3694.7738337210167
2022-12-04,12.90752030968406,8.712334798497661,15.593181816651343,12.90752030968406,12.90752030968406,-0.64905484724598,-0.64905484724598,-0.64905484724598,-0.64905484724598,-0.64905484724598,-0.64905484724598,0.0,0.0,0.0,12.25846546243808,210756.92151933635,5916062.3834082,6076.415476585882
2022-12-11,12.90835726433805,9.059057342121616,16.443188431493674,12.90835726433805,12.90835726433805,-0.15212706716597837,-0.15212706716597837,-0.15212706716597837,-0.15212706716597837,-0.15212706716597837,-0.15212706716597837,0.0,0.0,0.0,12.756230197172073,346704.2232478341,13841589.630422417,8595.043705262915
2022-12-18,12.909194218992042,9.5298766840989,16.969738283390132,12.909194218992042,12.909194218992042,0.1468223732093851,0.1468223732093851,0.1468223732093851,0.1468223732093851,0.1468223732093851,0.1468223732093851,0.0,0.0,0.0,13.056016592201427,467902.1421214674,23434930.899188556,13763.893549089596
2022-12-25,12.910031173646034,9.422360870775616,16.65279463429827,12.910031173646034,12.910031173646034,0.07857524408159908,0.07857524408159908,0.07857524408159908,0.07857524408159908,0.07857524408159908,0.07857524408159908,0.0,0.0,0.0,12.988606417727633,437400.32554394566,17069342.49236182,12360.732248857868
2023-01-01,12.910868128300026,9.155079627878635,16.661393525762925,12.910868128300026,12.910868128300026,-0.12409235581753074,-0.12409235581753074,-0.12409235581753074,-0.12409235581753074,-0.12409235581753074,-0.12409235581753074,0.0,0.0,0.0,12.786775772482494,357457.9368219312,17216752.798734646,9461.383897095144
2023-01-08,12.911705082954017,8.969381797022802,16.364196142367437,12.911705082954017,12.911705082954017,-0.17284637102753836,-0.17284637102753836,-0.17284637102753836,-0.17284637102753836,-0.17284637102753836,-0.17284637102753836,0.0,0.0,0.0,12.738858711926477,340733.44933164376,12790279.984197173,7857.741805886289
2023-01-15,12.912542037608008,9.129129566619495,16.335959134723637,12.912542037608008,12.912542037608008,-0.10618626563253447,-0.10618626563253447,-0.10618626563253447,-0.10618626563253447,-0.10618626563253447,-0.10618626563253447,0.0,0.0,0.0,12.806355771975474,364525.95268946484,12434172.093827322,9218.993085637441
2023-01-22,12.913378992261999,9.053657991782334,16.54820624650905,12.913378992261999,12.913378992261999,-0.20000132657823186,-0.20000132657823186,-0.20000132657823186,-0.20000132657823186,-0.20000132657823186,-0.20000132657823186,0.0,0.0,0.0,12.713377665683767,332160.86214870744,15374274.467924463,8548.755728720014
2023-01-29,12.91421594691599,8.658730211608654,16.1203820963618,12.91421594691599,12.91421594691599,-0.5206189691746433,-0.5206189691746433,-0.5206189691746433,-0.5206189691746433,-0.5206189691746433,-0.5206189691746433,0.0,0.0,0.0,12.393596977741346,241250.92000544266,10022889.613131048,5759.215761652778
2023-02-05,12.91505290156998,8.536545748250644,16.052019248805426,12.91505290156998,12.91505290156998,-0.7221314903108133,-0.7221314903108133,-0.7221314903108133,-0.7221314903108133,-0.7221314903108133,-0.7221314903108133,0.0,0.0,0.0,12.192921411259167,197385.9730716669,9360592.446103599,5096.705157104196
2023-02-12,12.915889856223972,9.021057331880721,16.447143719071036,12.915889856223972,12.915889856223972,-0.403512157298779,-0.403512157298779,-0.403512157298779,-0.403512157298779,-0.403512157298779,-0.403512157298779,0.0,0.0,0.0,12.512377698925192,271678.32537051494,13896445.515779668,8274.52243077419
2023-02-19,12.916726810877963,9.455827116000284,16.978944209482034,12.916726810877963,12.916726810877963,0.3762788479846172,0.3762788479846172,0.3762788479846172,0.3762788479846172,0.3762788479846172,0.3762788479846172,0.0,0.0,0.0,13.29300565886258,593032.1975926578,23651667.248948283,12781.433391155704
2023-02-26,12.917563765531952,10.71887986282381,18.062494350892052,12.917563765531952,12.917563765531952,1.0690097812047266,1.0690097812047266,1.0690097812047266,1.0690097812047266,1.0690097812047266,1.0690097812047266,0.0,0.0,0.0,13.986573546736679,1186564.4869712635,69894277.4779667,45200.24288164532
2023-03-05,12.918400720185943,10.593679682852446,17.704787347408296,12.918400720185943,12.918400720185943,1.1766662920561963,1.1766662920561963,1.1766662920561963,1.1766662920561963,1.1766662920561963,1.1766662920561963,0.0,0.0,0.0,14.09506701224214,1322542.0739016274,48875525.44222896,39880.97246479112
2023-03-12,12.919237674839934,10.10567593741685,17.398261689239654,12.919237674839934,12.919237674839934,0.7555214714696104,0.7555214714696104,0.7555214714696104,0.7555214714696104,0.7555214714696104,0.7555214714696104,0.0,0.0,0.0,13.674759146309544,868704.2348554257,35972368.55027996,24480.571685804774
2023-03-19,12.920074629493925,9.958645210623294,16.724607042510797,12.920074629493925,12.920074629493925,0.3128571576148856,0.3128571576148856,0.3128571576148856,0.3128571576148856,0.3128571576148856,0.3128571576148856,0.0,0.0,0.0,13.23293178710881,558455.3770550528,18340219.406276256,21133.143999584638
2023-03-26,12.920911584147918,9.609229631142842,16.947129912057797,12.920911584147918,12.920911584147918,0.239298013526552,0.239298013526552,0.239298013526552,0.239298013526552,0.239298013526552,0.239298013526552,0.0,0.0,0.0,13.16020959767447,519284.75467577245,22911049.622349534,14900.68586958562
2023-04-02,12.921748538801909,9.691015626667543,17.022733450605394,12.921748538801909,12.921748538801909,0.4459598050273352,0.4459598050273352,0.4459598050273352,0.4459598050273352,0.4459598050273352,0.4459598050273352,0.0,0.0,0.0,13.367708343829245,639030.0628450406,24710366.505682126,16170.660325373377
2023-04-09,12.9225854934559,9.949559674233377,17.12807771651322,12.9225854934559,12.9225854934559,0.588575501932228,0.588575501932228,0.588575501932228,0.588575501932228,0.588575501932228,0.588575501932228,0.0,0.0,0.0,13.511160995388128,737601.9829811081,27455516.746278014,20941.998609277332
2023-04-16,12.923422448109891,9.713289761283773,17.022749896591574,12.923422448109891,12.923422448109891,0.5413796481201733,0.5413796481201733,0.5413796481201733,0.5413796481201733,0.5413796481201733,0.5413796481201733,0.0,0.0,0.0,13.464802096230065,704188.021978667,24710772.89538636,16534.911696708765
2023-04-23,12.924259402763882,9.812230799609168,16.97021709922556,12.924259402763882,12.924259402763882,0.5206979775180931,0.5206979775180931,0.5206979775180931,0.5206979775180931,0.5206979775180931,0.5206979775180931,0.0,0.0,0.0,13.444957380281975,690351.3374860325,23446154.60251309,18254.66642042114
2023-04-30,12.925096357417873,10.034957846577134,17.3670821255981,12.925096357417873,12.925096357417873,0.7414591791256674,0.7414591791256674,0.7414591791256674,0.7414591791256674,0.7414591791256674,0.7414591791256674,0.0,0.0,0.0,13.666555536543541,861606.8679252081,34868070.98451968,22809.080549065577
2023-05-07,12.925933312071864,10.49726337799793,17.9954566798316,12.925933312071864,12.925933312071864,1.081049373408234,1.081049373408234,1.081049373408234,1.081049373408234,1.081049373408234,1.081049373408234,0.0,0.0,0.0,14.006982685480098,1211030.078225014,65362330.51877023,36215.25673186539
2023-05-14,12.926770266725855,10.529643223545545,17.72310027459995,12.926770266725855,12.926770266725855,1.1886543052364862,1.1886543052364862,1.1886543052364862,1.1886543052364862,1.1886543052364862,1.1886543052364862,0.0,0.0,0.0,14.115424571962341,1349741.743603976,49778825.186317846,37407.12566392351
2023-05-21,12.927607221379846,10.271211876575785,17.601574916474767,12.927607221379846,12.927607221379846,0.8961198734633278,0.8961198734633278,0.8961198734633278,0.8961198734633278,0.8961198734633278,0.8961198734633278,0.0,0.0,0.0,13.823727094843173,1008249.3852600196,44082564.251429945,28887.875713083937
2023-05-28,12.928444176033837,9.720542431019558,17.001969153239628,12.928444176033837,12.928444176033837,0.4138543878962294,0.4138543878962294,0.4138543878962294,0.4138543878962294,0.4138543878962294,0.4138543878962294,0.0,0.0,0.0,13.342298563930067,622996.9853212344,24202563.418990888,16655.277160891033
2023-06-04,12.929281130687828,9.19805831941463,16.608600359015128,12.929281130687828,12.929281130687828,0.08493553300973912,0.08493553300973912,0.08493553300973912,0.08493553300973912,0.08493553300973912,0.08493553300973912,0.0,0.0,0.0,13.014216663697567,448746.9559093381,16331401.710379668,9876.93064002979
2023-06-11,12.930118085341821,9.349205416401286,16.843224577153798,12.930118085341821,12.930118085341821,0.02221623949374086,0.02221623949374086,0.02221623949374086,0.02221623949374086,0.02221623949374086,0.02221623949374086,0.0,0.0,0.0,12.952334324835562,421819.15316116397,20649972.150525708,11488.690297640938
2023-06-18,12.930955039995812,9.484171685902806,16.634685544099618,12.930955039995812,12.930955039995812,0.06304872407073113,0.06304872407073113,0.06304872407073113,0.06304872407073113,0.06304872407073113,0.06304872407073113,0.0,0.0,0.0,12.994003764066543,439767.51450973935,16763014.245724155,13148.929625292492
2023-06-25,12.931791994649803,9.380982179395703,16.816019564296013,12.931791994649803,12.931791994649803,0.040859106336061164,0.040859106336061164,0.040859106336061164,0.040859106336061164,0.040859106336061164,0.040859106336061164,0.0,0.0,0.0,12.972651100985864,430476.82901845116,20095762.19105471,11859.658329440408
2023-07-02,12.932628949303794,9.344347238322065,16.412889649251955,12.932628949303794,12.932628949303794,-0.015318109320689877,-0.015318109320689877,-0.015318109320689877,-0.015318109320689877,-0.015318109320689877,-0.015318109320689877,0.0,0.0,0.0,12.917310839983104,407301.2590332349,13428496.008614944,11433.006706021797
2023-07-09,12.933465903957785,9.073443749552307,16.687577749724948,12.933465903957785,12.933465903957785,0.007056126561736203,0.007056126561736203,0.007056126561736203,0.007056126561736203,0.007056126561736203,0.007056126561736203,0.0,0.0,0.0,12.94052203051952,416865.8021784931,17673514.008497193,8719.6037296004
2023-07-16,12.934302858611776,9.42878517589503,16.78813108554986,12.934302858611776,12.934302858611776,0.08814665524395425,0.08814665524395425,0.08814665524395425,0.08814665524395425,0.08814665524395425,0.08814665524395425,0.0,0.0,0.0,13.02244951385573,452456.6804385277,19543064.694640644,12440.403430605864
2023-07-23,12.935139813265767,9.375716015594817,16.691828741791102,12.935139813265767,12.935139813265767,0.09111017438149638,0.09111017438149638,0.09111017438149638,0.09111017438149638,0.09111017438149638,0.09111017438149638,0.0,0.0,0.0,13.026249987647263,454179.5056972847,17748803.895555805,11797.362334316933
2023-07-30,12.935976767919758,9.417781851862117,16.830214133475213,12.935976767919758,12.935976767919758,-0.010023235860382552,-0.010023235860382552,-0.010023235860382552,-0.010023235860382552,-0.010023235860382552,-0.010023235860382552,0.0,0.0,0.0,12.925953532059376,410836.70290944714,20383047.010365233,12304.257042284471
2023-08-06,12.936813722573747,9.300120098531146,16.428141032068964,12.936813722573747,12.936813722573747,-0.03955881393975912,-0.03955881393975912,-0.03955881393975912,-0.03955881393975912,-0.03955881393975912,-0.03955881393975912,0.0,0.0,0.0,12.897254908633988,399213.80469216104,13634868.892821088,10938.332927092004
2023-08-13,12.937650677227738,9.568088811473322,16.625802625597835,12.937650677227738,12.937650677227738,0.1528092439353053,0.1528092439353053,0.1528092439353053,0.1528092439353053,0.1528092439353053,0.1528092439353053,0.0,0.0,0.0,13.090459921163044,484299.04492934764,16614769.146805579,14300.058170871434
2023-08-20,12.93848763188173,9.296450683747628,16.73543416696443,12.93848763188173,12.93848763188173,0.42485050685243475,0.42485050685243475,0.42485050685243475,0.42485050685243475,0.42485050685243475,0.42485050685243475,0.0,0.0,0.0,13.363338138734164,636243.459487415,18539870.126357697,10898.265534027356
2023-08-27,12.93932458653572,9.875550783359106,17.133684978008443,12.93932458653572,12.93932458653572,0.4272256040815821,0.4272256040815821,0.4272256040815821,0.4272256040815821,0.4272256040815821,0.4272256040815821,0.0,0.0,0.0,13.366550190617303,638290.3953738827,27609899.441338636,19447.99707323692
2023-09-03,12.940161541189712,9.430769789917425,16.536198422131513,12.940161541189712,12.940161541189712,0.003076552482437647,0.003076552482437647,0.003076552482437647,0.003076552482437647,0.003076552482437647,0.003076552482437647,0.0,0.0,0.0,12.943238093672148,417999.5777454758,15190766.836835647,12465.11933196237
2023-09-10,12.940998495843704,8.602062672245802,16.065626870712816,12.940998495843704,12.940998495843704,-0.5765643579510564,-0.5765643579510564,-0.5765643579510564,-0.5765643579510564,-0.5765643579510564,-0.5765643579510564,0.0,0.0,0.0,12.364434137892648,234316.92777470974,9488838.44517173,5441.874887614485
2023-09-17,12.941835450497695,8.412095856520907,15.402292897058588,12.941835450497695,12.941835450497695,-0.8698764801290493,-0.8698764801290493,-0.8698764801290493,-0.8698764801290493,-0.8698764801290493,-0.8698764801290493,0.0,0.0,0.0,12.071958970368646,174897.13021740015,4887994.684997803,4500.184469289158
2023-09-24,12.942672405151686,8.741172272377442,15.826927540708091,12.942672405151686,12.942672405151686,-0.7441772556023358,-0.7441772556023358,-0.7441772556023358,-0.7441772556023358,-0.7441772556023358,-0.7441772556023358,0.0,0.0,0.0,12.19849514954935,198489.22817286698,7473899.23532609,6254.224242494537
2023-10-01,12.943509359805677,8.825262151301882,15.904243291984445,12.943509359805677,12.943509359805677,-0.5083459425185706,-0.5083459425185706,-0.5083459425185706,-0.5083459425185706,-0.5083459425185706,-0.5083459425185706,0.0,0.0,0.0,12.435163417287107,251490.2350671771,8074674.915663582,6802.9741297860055
2023-10-08,12.944346314459668,8.865962815508244,15.96454485891397,12.944346314459668,12.944346314459668,-0.530777378287101,-0.530777378287101,-0.530777378287101,-0.530777378287101,-0.530777378287101,-0.530777378287101,0.0,0.0,0.0,12.413568936172567,246117.63042431127,8576571.009299165,7085.613178695727
2023-10-15,12.94518326911366,8.893059963336515,15.669377598284049,12.94518326911366,12.94518326911366,-0.8042440493506883,-0.8042440493506883,-0.8042440493506883,-0.8042440493506883,-0.8042440493506883,-0.8042440493506883,0.0,0.0,0.0,12.140939219762972,187387.48855457056,6384459.814850401,7280.265535207142
2023-10-22,12.94602022376765,8.074183230151382,15.391458605171291,12.94602022376765,12.94602022376765,-0.9862803872232604,-0.9862803872232604,-0.9862803872232604,-0.9862803872232604,-0.9862803872232604,-0.9862803872232604,0.0,0.0,0.0,11.95973983654439,156331.40749631988,4835322.560814955,3209.504054598485
2023-10-29,12.946857178421642,8.556897862194544,15.684877342944999,12.946857178421642,12.946857178421642,-0.8527252957790663,-0.8527252957790663,-0.8527252957790663,-0.8527252957790663,-0.8527252957790663,-0.8527252957790663,0.0,0.0,0.0,12.094131882642575,178818.4439338356,6484188.213060411,5201.5171887073375
2023-11-05,12.947694133075633,8.768273586098413,16.06077075521064,12.947694133075633,12.947694133075633,-0.5873273714403646,-0.5873273714403646,-0.5873273714403646,-0.5873273714403646,-0.5873273714403646,-0.5873273714403646,0.0,0.0,0.0,12.360366761635268,233365.80419857244,9442871.24619079,6426.067102903546
2023-11-12,12.948531087729624,8.846547658816869,16.070299358501433,12.948531087729624,12.948531087729624,-0.5410059866286785,-0.5410059866286785,-0.5410059866286785,-0.5410059866286785,-0.5410059866286785,-0.5410059866286785,0.0,0.0,0.0,12.407525101100944,244634.616075326,9533278.673968552,6949.352514733058
2023-11-19,12.949368042383615,8.988134669894178,15.939640639371952,12.949368042383615,12.949368042383615,-0.7684457818694275,-0.7684457818694275,-0.7684457818694275,-0.7684457818694275,-0.7684457818694275,-0.7684457818694275,0.0,0.0,0.0,12.180922260514187,195031.65021194052,8365615.916142335,8006.506313202488
2023-11-26,12.950204997037606,8.397650428175563,15.905631009411572,12.950204997037606,12.950204997037606,-0.9357492445195056,-0.9357492445195056,-0.9357492445195056,-0.9357492445195056,-0.9357492445195056,-0.9357492445195056,0.0,0.0,0.0,12.0144557525181,165123.62197869242,8085888.062690436,4435.630310348829
2023-12-03,12.951041951691598,8.603280843955611,15.802912520605993,12.951041951691598,12.951041951691598,-0.7258898522348475,-0.7258898522348475,-0.7258898522348475,-0.7258898522348475,-0.7258898522348475,-0.7258898522348475,0.0,0.0,0.0,12.225152099456752,203851.5259636763,7296551.400120055,5448.509283919128
2023-12-10,12.95187890634559,8.957844353627003,16.529150902234438,12.95187890634559,12.95187890634559,-0.2376259294154855,-0.2376259294154855,-0.2376259294154855,-0.2376259294154855,-0.2376259294154855,-0.2376259294154855,0.0,0.0,0.0,12.714252976930103,332451.73444557504,15084085.957610866,7767.593060156483
2023-12-17,12.95271586099958,9.56741924593919,16.811772475446286,12.95271586099958,12.95271586099958,0.12144999617194416,0.12144999617194416,0.12144999617194416,0.12144999617194416,0.12144999617194416,0.12144999617194416,0.0,0.0,0.0,13.074165857171524,476471.77123082953,20010594.684282653,14290.485880214177
2023-12-24,12.953552815653572,9.33869380778993,16.779458335456617,12.953552815653572,12.953552815653572,0.11097009276529529,0.11097009276529529,0.11097009276529529,0.11097009276529529,0.11097009276529529,0.11097009276529529,0.0,0.0,0.0,13.064522908418867,471899.25043946743,19374305.43106474,11368.547722281239
2023-12-31,12.954389770307563,9.160606991746107,16.465125196839296,12.954389770307563,12.954389770307563,-0.0938885854482338,-0.0938885854482338,-0.0938885854482338,-0.0938885854482338,-0.0938885854482338,-0.0938885854482338,0.0,0.0,0.0,12.860501184859329,384807.5376852673,14148584.279945437,9513.830748836204
2024-01-07,12.955226724961554,9.30160340556682,16.471122851817753,12.955226724961554,12.955226724961554,-0.17889323857245434,-0.17889323857245434,-0.17889323857245434,-0.17889323857245434,-0.17889323857245434,-0.17889323857245434,0.0,0.0,0.0,12.776333486389099,353744.66957802133,14233697.597905187,10954.571356899613
2024-01-14,12.956063679615543,8.984746134635369,16.76807276330382,12.956063679615543,12.956063679615543,-0.11421856401620095,-0.11421856401620095,-0.11421856401620095,-0.11421856401620095,-0.11421856401620095,-0.11421856401620095,0.0,0.0,0.0,12.841845115599343,377695.07454607356,19154968.87278941,7979.418515622547
2024-01-21,12.956900634269534,8.945891517524242,16.271628897782286,12.956900634269534,12.956900634269534,-0.16273713321818584,-0.16273713321818584,-0.16273713321818584,-0.16273713321818584,-0.16273713321818584,-0.16273713321818584,0.0,0.0,0.0,12.794163501051347,360108.52528029645,11659464.50497447,7675.289086648219
2024-01-28,12.957737588923525,8.786846549037042,16.09085736488118,12.957737588923525,12.957737588923525,-0.45807427532652495,-0.45807427532652495,-0.45807427532652495,-0.45807427532652495,-0.45807427532652495,-0.45807427532652495,0.0,0.0,0.0,12.499663313597,268245.9562124318,9731292.307241097,6546.55220116785
2024-02-04,12.958574543577516,8.710597717563331,16.052451980341626,12.958574543577516,12.958574543577516,-0.7164964207664853,-0.7164964207664853,-0.7164964207664853,-0.7164964207664853,-0.7164964207664853,-0.7164964207664853,0.0,0.0,0.0,12.24207812281103,207331.30491233928,9364643.94662808,6065.867677873814
2024-02-11,12.959411498231507,8.73230351337482,16.100149387339815,12.959411498231507,12.959411498231507,-0.5041164333770352,-0.5041164333770352,-0.5041164333770352,-0.5041164333770352,-0.5041164333770352,-0.5041164333770352,0.0,0.0,0.0,12.455295064854472,256604.47428345203,9822137.115562946,6198.993442521617
2024-02-18,12.960248452885498,9.477748305030655,16.73665014151021,12.960248452885498,12.960248452885498,0.2243066298856131,0.2243066298856131,0.2243066298856131,0.2243066298856131,0.2243066298856131,0.2243066298856131,0.0,0.0,0.0,13.18455508277111,532082.1657858166,18562427.849758636,13064.733320826568
2024-02-25,12.961085407539489,10.233658110443914,17.58483570697874,12.961085407539489,12.961085407539489,0.9795136491764705,0.9795136491764705,0.9795136491764705,0.9795136491764705,0.9795136491764705,0.9795136491764705,0.0,0.0,0.0,13.940599056715959,1133247.739727953,43350798.632281035,27823.107786206983
2024-03-03,12.961922362193482,10.482193167467901,17.969837795485883,12.961922362193482,12.961922362193482,1.2062700367144166,1.2062700367144166,1.2062700367144166,1.2062700367144166,1.2062700367144166,1.2062700367144166,0.0,0.0,0.0,14.168192398907898,1422877.3697709367,63709088.0422743,35673.56209644579
2024-03-10,12.962759316847473,10.39788343840875,17.327439776108914,12.962759316847473,12.962759316847473,0.8489701566290067,0.8489701566290067,0.8489701566290067,0.8489701566290067,0.8489701566290067,0.8489701566290067,0.0,0.0,0.0,13.811729473476479,996225.0548112248,33512858.07437178,32789.14980375431
2024-03-17,12.963596271501464,9.610941216032643,17.108934756228773,12.963596271501464,12.963596271501464,0.37033841214839835,0.37033841214839835,0.37033841214839835,0.37033841214839835,0.37033841214839835,0.37033841214839835,0.0,0.0,0.0,13.333934683649861,617808.0348864712,26934935.490900353,14926.213209825568
2024-03-24,12.964433226155455,9.80286889378292,16.82063712663596,12.964433226155455,12.964433226155455,0.223225004385528,0.223225004385528,0.223225004385528,0.223225004385528,0.223225004385528,0.223225004385528,0.0,0.0,0.0,13.187658230540983,533735.8629814673,20188770.200239677,18084.55611138971
2024-03-31,12.965270180809446,9.782155759465114,17.02443432794397,12.965270180809446,12.965270180809446,0.4043190325566225,0.4043190325566225,0.4043190325566225,0.4043190325566225,0.4043190325566225,0.4043190325566225,0.0,0.0,0.0,13.36958921336607,640233.1279538169,24752431.573419496,17713.80056858516
2024-04-07,12.966107135463437,9.77105810310645,17.09496167790696,12.966107135463437,12.966107135463437,0.5787431860340062,0.5787431860340062,0.5787431860340062,0.5787431860340062,0.5787431860340062,0.5787431860340062,0.0,0.0,0.0,13.544850321497442,762874.6497032633,26561188.790731367,17518.29463475308
2024-04-14,12.966944090117428,9.868755532512832,17.165144393380935,12.966944090117428,12.966944090117428,0.5568035958591652,0.5568035958591652,0.5568035958591652,0.5568035958591652,0.5568035958591652,0.5568035958591652,0.0,0.0,0.0,13.523747685976593,746944.6367088977,28492297.86271879,19316.284276985163
2024-04-21,12.967781044771419,9.658539169694889,16.853708929148677,12.967781044771419,12.967781044771419,0.5094324936312179,0.5094324936312179,0.5094324936312179,0.5094324936312179,0.5094324936312179,0.5094324936312179,0.0,0.0,0.0,13.477213538402637,712982.4864026599,20867612.653930604,15653.898805379822
2024-04-28,12.96861799942541,10.008915229145904,17.483295372360686,12.96861799942541,12.96861799942541,0.6848007360440435,0.6848007360440435,0.6848007360440435,0.6848007360440435,0.6848007360440435,0.6848007360440435,0.0,0.0,0.0,13.653418735469453,850362.118492216,39165050.837935746,22222.714737939932
2024-05-05,12.969454954079401,10.326410085689544,17.874123160972413,12.969454954079401,12.969454954079401,1.0273007453848668,1.0273007453848668,1.0273007453848668,1.0273007453848668,1.0273007453848668,1.0273007453848668,0.0,0.0,0.0,13.996755699464268,1198707.9965998034,57893932.46488616,30527.320894973574
2024-05-12,12.970291908733392,10.499705809272669,17.627663300540306,12.970291908733392,12.970291908733392,1.1990541389638072,1.1990541389638072,1.1990541389638072,1.1990541389638072,1.1990541389638072,1.1990541389638072,0.0,0.0,0.0,14.1693460476972,1424519.8189021102,45247739.83385967,36303.820561467815
2024-05-19,12.971128863387385,10.236640963275972,17.859548889900864,12.971128863387385,12.971128863387385,0.9724473871885752,0.9724473871885752,0.9724473871885752,0.9724473871885752,0.9724473871885752,0.9724473871885752,0.0,0.0,0.0,13.94357625057596,1136626.668284589,57056289.43037754,27906.226909343757
2024-05-26,12.971965818041376,9.67044099341029,17.2456393369675,12.971965818041376,12.971965818041376,0.49718504262594726,0.49718504262594726,0.49718504262594726,0.49718504262594726,0.49718504262594726,0.49718504262594726,0.0,0.0,0.0,13.469150860667323,707257.0425415849,30880618.268993903,15841.333848099688
2024-06-02,12.972802772695367,9.212022384919877,16.871805330204463,12.972802772695367,12.972802772695367,0.12285088413167665,0.12285088413167665,0.12285088413167665,0.12285088413167665,0.12285088413167665,0.12285088413167665,0.0,0.0,0.0,13.095653656827043,486820.91463816963,21248678.924486503,10015.83428320915
2024-06-09,12.973639727349356,9.310488044898314,16.50605811882855,12.973639727349356,12.973639727349356,0.019173362530895886,0.019173362530895886,0.019173362530895886,0.019173362530895886,0.019173362530895886,0.019173362530895886,0.0,0.0,0.0,12.992813089880253,439244.20509889774,14739743.618491815,11052.341339455597
2024-06-16,12.974476682003347,9.323834911554263,16.653470497767774,12.974476682003347,12.974476682003347,0.0578147720742205,0.0578147720742205,0.0578147720742205,0.0578147720742205,0.0578147720742205,0.0578147720742205,0.0,0.0,0.0,13.032291454077567,456931.7273318814,17080882.937520064,11200.857721887358
2024-06-23,12.975313636657338,9.580221825534185,16.76334071017153,12.975313636657338,12.975313636657338,0.05065173859538457,0.05065173859538457,0.05065173859538457,0.05065173859538457,0.05065173859538457,0.05065173859538457,0.0,0.0,0.0,13.025965375252722,454050.258689527,19064540.661894698,14474.630010480918
2024-06-30,12.97615059131133,9.225244493109974,16.284786659662675,12.97615059131133,12.97615059131133,-0.008632815423314899,-0.008632815423314899,-0.008632815423314899,-0.008632815423314899,-0.008632815423314899,-0.008632815423314899,0.0,0.0,0.0,12.967517775888014,428272.708448471,11813890.699353412,10149.157413917048
2024-07-07,12.97698754596532,9.458671298552993,16.567411974248152,12.97698754596532,12.97698754596532,-0.004326538594367148,-0.004326538594367148,-0.004326538594367148,-0.004326538594367148,-0.004326538594367148,-0.004326538594367148,0.0,0.0,0.0,12.972661007370954,430481.093518721,15672402.334165769,12817.840715183182
2024-07-14,12.977824500619311,9.605436984995897,16.8518292795196,12.977824500619311,12.977824500619311,0.07548764015587921,0.07548764015587921,0.07548764015587921,0.07548764015587921,0.07548764015587921,0.07548764015587921,0.0,0.0,0.0,13.05331214077519,466638.430395145,20828425.69208296,14844.27608687916
2024-07-21,12.978661455273302,9.084001989419457,16.732944267478455,12.978661455273302,12.978661455273302,0.10049815129316925,0.10049815129316925,0.10049815129316925,0.10049815129316925,0.10049815129316925,0.10049815129316925,0.0,0.0,0.0,13.079159606566472,478857.1077732988,18493765.13298913,8812.165741654859
2024-07-28,12.979498409927293,9.23203980769382,16.748273896144795,12.979498409927293,12.979498409927293,0.009496760969689872,0.009496760969689872,0.009496760969689872,0.009496760969689872,0.009496760969689872,0.009496760969689872,0.0,0.0,0.0,12.988995170896983,437570.3997518305,18779451.841410525,10218.365806705164
2024-08-04,12.980335364581284,9.065155940322443,16.62864490402787,12.980335364581284,12.980335364581284,-0.0491448011953905,-0.0491448011953905,-0.0491448011953905,-0.0491448011953905,-0.0491448011953905,-0.0491448011953905,0.0,0.0,0.0,12.931190563385893,412993.9165971296,16662060.124840358,8647.627703296785
2024-08-11,12.981172319235275,9.477163303077404,16.562201160746515,12.981172319235275,12.981172319235275,0.10405904200275141,0.10405904200275141,0.10405904200275141,0.10405904200275141,0.10405904200275141,0.10405904200275141,0.0,0.0,0.0,13.085231361238026,481773.46145867056,15590948.76724822,13057.092076602548
2024-08-18,12.982009273889268,10.070395092302022,16.820487953084424,12.982009273889268,12.982009273889268,0.38596967270228494,0.38596967270228494,0.38596967270228494,0.38596967270228494,0.38596967270228494,0.38596967270228494,0.0,0.0,0.0,13.367978946591553,639203.0098147556,20185758.794155277,23631.90010167051
2024-08-25,12.98284622854326,9.688502947835886,16.96653692228481,12.98284622854326,12.98284622854326,0.4590664806588885,0.4590664806588885,0.4590664806588885,0.4590664806588885,0.4590664806588885,0.4590664806588885,0.0,0.0,0.0,13.441912709202148,688252.6382349039,23360027.1805985,16130.077144402947
2024-09-01,12.98368318319725,9.610709023262187,17.118280458325735,12.98368318319725,12.98368318319725,0.103030517976424,0.103030517976424,0.103030517976424,0.103030517976424,0.103030517976424,0.103030517976424,0.0,0.0,0.0,13.086713701173675,482488.1445536466,27187841.33390292,14922.747621193073
2024-09-08,12.984520137851241,8.91693901961577,16.07481975795612,12.984520137851241,12.984520137851241,-0.4829312555370643,-0.4829312555370643,-0.4829312555370643,-0.4829312555370643,-0.4829312555370643,-0.4829312555370643,0.0,0.0,0.0,12.501588882314177,268762.98178417276,9576470.45471078,7456.227830281042
2024-09-15,12.985357092505232,8.441430396300566,15.581500805926954,12.985357092505232,12.985357092505232,-0.8510457436100606,-0.8510457436100606,-0.8510457436100606,-0.8510457436100606,-0.8510457436100606,-0.8510457436100606,0.0,0.0,0.0,12.134311348895173,186149.60863597575,5847358.828254778,4634.18038983354
2024-09-22,12.986194047159223,8.512748605303251,15.730096183356974,12.986194047159223,12.986194047159223,-0.7875408848892889,-0.7875408848892889,-0.7875408848892889,-0.7875408848892889,-0.7875408848892889,-0.7875408848892889,0.0,0.0,0.0,12.198653162269935,198520.59463191452,6784126.044500185,4976.82638221401
2024-09-29,12.987031001813214,8.739356566317555,16.19527304790871,12.987031001813214,12.987031001813214,-0.5388296513444477,-0.5388296513444477,-0.5388296513444477,-0.5388296513444477,-0.5388296513444477,-0.5388296513444477,0.0,0.0,0.0,12.448201350468766,254790.62939403777,10802335.895585388,6242.876898769355
2024-10-06,12.987867956467205,8.598522172984813,16.14764936583694,12.987867956467205,12.987867956467205,-0.5018886342638331,-0.5018886342638331,-0.5018886342638331,-0.5018886342638331,-0.5018886342638331,-0.5018886342638331,0.0,0.0,0.0,12.485979322203372,264600.2678446219,10299946.600295175,5422.6384664589295
2024-10-13,12.988704911121197,8.571464486368601,16.105236770695775,12.988704911121197,12.988704911121197,-0.7508396476301589,-0.7508396476301589,-0.7508396476301589,-0.7508396476301589,-0.7508396476301589,-0.7508396476301589,0.0,0.0,0.0,12.237865263491038,206459.6803841581,9872233.419035124,5277.854943228953
2024-10-20,12.989541865775188,8.687435201420675,15.601594584276087,12.989541865775188,12.989541865775188,-0.9755086015922789,-0.9755086015922789,-0.9755086015922789,-0.9755086015922789,-0.9755086015922789,-0.9755086015922789,0.0,0.0,0.0,12.014033264182908,165053.8734870531,5966042.791908806,5926.958708332299
2024-10-27,12.990378820429179,8.41247799180057,15.956867968260184,12.990378820429179,12.990378820429179,-0.8964634447302506,-0.8964634447302506,-0.8964634447302506,-0.8964634447302506,-0.8964634447302506,-0.8964634447302506,0.0,0.0,0.0,12.093915375698927,178779.73247336588,8510981.68695065,4501.904859365081
2024-11-03,12.99121577508317,8.920736839880192,16.274951209697704,12.99121577508317,12.99121577508317,-0.6271595168611149,-0.6271595168611149,-0.6271595168611149,-0.6271595168611149,-0.6271595168611149,-0.6271595168611149,0.0,0.0,0.0,12.364056258222055,234228.40052072649,11698265.304639112,7484.602888831996
2024-11-10,12.992052729737162,8.875479007382657,16.04572463488504,12.992052729737162,12.992052729737162,-0.5245688647123962,-0.5245688647123962,-0.5245688647123962,-0.5245688647123962,-0.5245688647123962,-0.5245688647123962,0.0,0.0,0.0,12.467483865024766,259751.32634785763,9301856.179294074,7153.372644135642
2024-11-17,12.99288968439115,8.578446534478422,15.885642261635754,12.99288968439115,12.99288968439115,-0.7196883843204107,-0.7196883843204107,-0.7196883843204107,-0.7196883843204107,-0.7196883843204107,-0.7196883843204107,0.0,0.0,0.0,12.273201300070738,213885.6113485873,7925865.914884377,5314.841131828269
2024-11-24,12.993726639045143,8.518657133087618,15.803408751145207,12.993726639045143,12.993726639045143,-0.9286048845485707,-0.9286048845485707,-0.9286048845485707,-0.9286048845485707,-0.9286048845485707,-0.9286048845485707,0.0,0.0,0.0,12.065121754496571,173705.39267147475,7300173.070769445,5006.325068785413
2024-12-01,12.994563593699134,8.307192295824917,15.863552758929313,12.994563593699134,12.994563593699134,-0.7928945153512501,-0.7928945153512501,-0.7928945153512501,-0.7928945153512501,-0.7928945153512501,-0.7928945153512501,0.0,0.0,0.0,12.201669078347884,199120.22286068735,7752706.994399986,4051.917600091486
2024-12-08,12.995400548353125,9.30190761041834,16.219505397946524,12.995400548353125,12.995400548353125,-0.32777324656512796,-0.32777324656512796,-0.32777324656512796,-0.32777324656512796,-0.32777324656512796,-0.32777324656512796,0.0,0.0,0.0,12.667627301787997,317306.71816783084,11067299.281660194,10957.904601826494
2024-12-15,12.996237503007116,9.550944867276485,16.8371010879052,12.996237503007116,12.996237503007116,0.08299785176745,0.08299785176745,0.08299785176745,0.08299785176745,0.08299785176745,0.08299785176745,0.0,0.0,0.0,13.079235354774566,478893.38179072225,20523908.63017838,14056.9713152515
2024-12-22,12.997074457661107,9.263547429607783,16.40362060599918,12.997074457661107,12.997074457661107,0.1367457448542629,0.1367457448542629,0.1367457448542629,0.1367457448542629,0.1367457448542629,0.1367457448542629,0.0,0.0,0.0,13.13382020251537,505760.35294315196,13304601.766597902,10545.479954291324
2024-12-29,12.997911412315098,9.30621154438356,16.914177003721573,12.997911412315098,12.997911412315098,-0.05895126492915259,-0.05895126492915259,-0.05895126492915259,-0.05895126492915259,-0.05895126492915259,-0.05895126492915259,0.0,0.0,0.0,12.938960147385945,416215.213155492,22168367.8386111,11005.172649877151
2025-01-05,12.998748366969089,9.365161286146172,16.81078202890198,12.998748366969089,12.998748366969089,-0.179226562253819,-0.179226562253819,-0.179226562253819,-0.179226562253819,-0.179226562253819,-0.179226562253819,0.0,0.0,0.0,12.81952180471527,369357.05995440093,19990785.070738677,11673.488688332825
2025-01-12,12.99958532162308,9.351305749733205,16.87078069565175,12.99958532162308,12.99958532162308,-0.1262481333980066,-0.1262481333980066,-0.1262481333980066,-0.1262481333980066,-0.1262481333980066,-0.1262481333980066,0.0,0.0,0.0,12.873337188225074,389778.7785461891,21226917.94326681,11512.847837709096
2025-01-19,13.000422276277071,9.22036252699314,16.4270893948437,13.000422276277071,13.000422276277071,-0.13465581034673751,-0.13465581034673751,-0.13465581034673751,-0.13465581034673751,-0.13465581034673751,-0.13465581034673751,0.0,0.0,0.0,12.865766465930333,386839.006227905,13620537.493117694,10099.725450106387
2025-01-26,13.001259230931062,9.01322575025896,16.20982310074403,13.001259230931062,13.001259230931062,-0.3948582944567762,-0.3948582944567762,-0.3948582944567762,-0.3948582944567762,-0.3948582944567762,-0.3948582944567762,0.0,0.0,0.0,12.606400936474286,298461.90611583355,10960659.483308915,8209.965124263515
2025-02-02,13.002096185585053,8.801769913855772,16.14471410364289,13.002096185585053,13.002096185585053,-0.6946841607488751,-0.6946841607488751,-0.6946841607488751,-0.6946841607488751,-0.6946841607488751,-0.6946841607488751,0.0,0.0,0.0,12.307412024836179,221329.43057582027,10269757.881081332,6644.99644400038
2025-02-09,13.002933140239046,9.027515498467517,16.020311269051074,13.002933140239046,13.002933140239046,-0.586629368733853,-0.586629368733853,-0.586629368733853,-0.586629368733853,-0.586629368733853,-0.586629368733853,0.0,0.0,0.0,12.416303771505193,246791.64559096145,9068443.147384416,8328.14008273249
2025-02-16,13.003770094893037,9.173594367236879,16.729908094473767,13.003770094893037,13.003770094893037,0.07340016272332803,0.07340016272332803,0.07340016272332803,0.07340016272332803,0.07340016272332803,0.07340016272332803,0.0,0.0,0.0,13.077170257616364,477905.438814025,18437700.01427009,9638.209356080146
2025-02-23,13.004607049547028,10.331568001399157,17.46242493760599,13.004607049547028,13.004607049547028,0.871649904653978,0.871649904653978,0.871649904653978,0.871649904653978,0.871649904653978,0.871649904653978,0.0,0.0,0.0,13.876256954201006,1062628.3931997966,38356129.80761849,30685.190189164856
2025-03-02,13.005444004201019,10.89547886270655,17.987764933326897,13.005444004201019,13.005444004201019,1.2156862013885197,1.2156862013885197,1.2156862013885197,1.2156862013885197,1.2156862013885197,1.2156862013885197,0.0,0.0,0.0,14.221130205589539,1500230.8271884199,64861508.600564145,53930.97788532736
2025-03-09,13.00628095885501,10.298556662391338,17.665906994328687,13.00628095885501,13.00628095885501,0.9386133656973702,0.9386133656973702,0.9386133656973702,0.9386133656973702,0.9386133656973702,0.9386133656973702,0.0,0.0,0.0,13.94489432455238,1138125.815411399,47011695.68396444,29688.735600846863
2025-03-16,13.007117913509001,10.070602902384948,17.07616989256588,13.007117913509001,13.007117913509001,0.4398085854102276,0.4398085854102276,0.4398085854102276,0.4398085854102276,0.4398085854102276,0.4398085854102276,0.0,0.0,0.0,13.446926498919229,691712.0624147805,26066717.167111788,23636.811766929543
2025-03-23,13.007954868162992,9.569888258247147,16.714124103871885,13.007954868162992,13.007954868162992,0.21861784697062542,0.21861784697062542,0.21861784697062542,0.21861784697062542,0.21861784697062542,0.21861784697062542,0.0,0.0,0.0,13.226572715133617,554915.3802347711,18148964.21082047,14325.81533122869
2025-03-30,13.008791822816983,9.730229627781185,17.046784937506416,13.008791822816983,13.008791822816983,0.36197610347400117,0.36197610347400117,0.36197610347400117,0.36197610347400117,0.36197610347400117,0.36197610347400117,0.0,0.0,0.0,13.370767926290984,640988.2251293825,25311892.384989552,16817.413852149017
2025-04-06,13.009628777470974,10.096745669383628,17.426501562868513,13.009628777470974,13.009628777470974,0.5615067687467267,0.5615067687467267,0.5615067687467267,0.5615067687467267,0.5615067687467267,0.5615067687467267,0.0,0.0,0.0,13.5711355462177,783192.8722822581,37002703.51245879,24262.917988187677
2025-04-13,13.010465732124965,9.655331528963197,17.34407951268272,13.010465732124965,13.010465732124965,0.5711782344935243,0.5711782344935243,0.5711782344935243,0.5711782344935243,0.5711782344935243,0.5711782344935243,0.0,0.0,0.0,13.58164396661849,791466.3974530303,34075168.59632607,15603.76396458615
2025-04-20,13.011302686778956,10.049957096297689,17.525166108476306,13.011302686778956,13.011302686778956,0.5062260886164458,0.5062260886164458,0.5062260886164458,0.5062260886164458,0.5062260886164458,0.5062260886164458,0.0,0.0,0.0,13.517528775395402,742313.8626944835,40839735.87753137,23153.7933977213
2025-04-27,13.012139641432945,10.062463003905254,17.280436019345206,13.012139641432945,13.012139641432945,0.6343568097048745,0.6343568097048745,0.6343568097048745,0.6343568097048745,0.6343568097048745,0.6343568097048745,0.0,0.0,0.0,13.64649645113782,844495.9901295241,31974075.38080486,23445.183354848967
2025-05-04,13.012976596086936,10.487291484553422,17.80076617240616,13.012976596086936,13.012976596086936,0.9677679161663794,0.9677679161663794,0.9677679161663794,0.9677679161663794,0.9677679161663794,0.9677679161663794,0.0,0.0,0.0,13.980744512253315,1179668.0750693064,53799038.53192262,35855.90675637708
2025-05-11,13.01381355074093,10.656021955760801,17.69222581036872,13.01381355074093,13.01381355074093,1.1955893458378364,1.1955893458378364,1.1955893458378364,1.1955893458378364,1.1955893458378364,1.1955893458378364,0.0,0.0,0.0,14.209402896578766,1482739.9061409342,48265413.69967465,42446.44305971519
2025-05-18,13.01465050539492,10.27308238088331,17.747247083662224,13.01465050539492,13.01465050539492,1.040247595946667,1.040247595946667,1.040247595946667,1.040247595946667,1.040247595946667,1.040247595946667,0.0,0.0,0.0,14.054898101341587,1270469.8037362958,50995454.74412038,28941.96304907226
2025-05-25,13.015487460048911,10.006025647194239,17.4367748926803,13.015487460048911,13.015487460048911,0.5843125367439895,0.5843125367439895,0.5843125367439895,0.5843125367439895,0.5843125367439895,0.5843125367439895,0.0,0.0,0.0,13.599799996792902,805967.5467088653,37384803.86068446,22158.590184129207
2025-06-01,13.016324414702902,9.864859449400425,17.017420305870697,13.016324414702902,13.016324414702902,0.17031680149202044,0.17031680149202044,0.17031680149202044,0.17031680149202044,0.17031680149202044,0.17031680149202044,0.0,0.0,0.0,13.186641216194923,533193.3208681141,24579424.91053488,19241.168954722816
2025-06-08,13.017161369356893,9.180637402606768,16.607071544586187,13.017161369356893,13.017161369356893,0.02081954055783821,0.02081954055783821,0.02081954055783821,0.02081954055783821,0.02081954055783821,0.02081954055783821,0.0,0.0,0.0,13.037980909914731,459538.8353850063,16306453.102026723,9706.338284113699
2025-06-15,13.017998324010884,9.537747828220871,16.72133436723483,13.017998324010884,13.017998324010884,0.05051797183397055,0.05051797183397055,0.05051797183397055,0.05051797183397055,0.05051797183397055,0.05051797183397055,0.0,0.0,0.0,13.068516295844855,473787.4987099967,18280295.928921975,13872.666532367597
2025-06-22,13.018835278664875,9.467871606545879,16.664052158727216,13.018835278664875,13.018835278664875,0.058396298889605305,0.058396298889605305,0.058396298889605305,0.058396298889605305,0.058396298889605305,0.058396298889605305,0.0,0.0,0.0,13.07723157755448,477934.7449057929,17262586.728723183,12936.322195184199
2025-06-29,13.019672233318866,9.408077039035888,16.76306360549243,13.019672233318866,13.019672233318866,0.00043236329331112187,0.00043236329331112187,0.00043236329331112187,0.00043236329331112187,0.00043236329331112187,0.00043236329331112187,0.0,0.0,0.0,13.020104596612178,451396.9476001838,19059258.5200822,12185.41443130668
2025-07-06,13.020509187972857,9.202577609664349,16.449369749740214,13.020509187972857,13.020509187972857,-0.012822495336737993,-0.012822495336737993,-0.012822495336737993,-0.012822495336737993,-0.012822495336737993,-0.012822495336737993,0.0,0.0,0.0,13.007686692636119,445826.19137587596,13927413.88740098,9921.672901139631
2025-07-13,13.021346142626848,9.019312462643173,16.729490495607354,13.021346142626848,13.021346142626848,0.06087429002590449,0.06087429002590449,0.06087429002590449,0.06087429002590449,0.06087429002590449,0.06087429002590449,0.0,0.0,0.0,13.082220432652752,480325.05458008044,18430002.058667906,8260.095316634279
2025-07-20,13.02218309728084,9.572215424309197,16.656186180177812,13.02218309728084,13.02218309728084,0.10550643792755415,0.10550643792755415,0.10550643792755415,0.10550643792755415,0.10550643792755415,0.10550643792755415,0.0,0.0,0.0,13.127689535208393,502669.183499072,17127332.235801548,14359.195034636714
2025-07-27,13.023020051934832,9.448463399166386,16.692297675688906,13.023020051934832,13.023020051934832,0.029913329893533284,0.029913329893533284,0.029913329893533284,0.029913329893533284,0.029913329893533284,0.029913329893533284,0.0,0.0,0.0,13.052933381828366,466461.7200033751,17757128.86359413,12687.652881538765
2025-08-03,13.023857006588823,9.358744684953587,16.501836967918,13.023857006588823,13.023857006588823,-0.05117226957619409,-0.05117226957619409,-0.05117226957619409,-0.05117226957619409,-0.05117226957619409,-0.05117226957619409,0.0,0.0,0.0,12.97268473701263,430491.30882575025,14677656.064731488,11598.817972594123
2025-08-10,13.024693961242814,9.1714749266125,16.560711232539454,13.024693961242814,13.024693961242814,0.060226539158216796,0.060226539158216796,0.060226539158216796,0.060226539158216796,0.060226539158216796,0.060226539158216796,0.0,0.0,0.0,13.084920500401031,481623.7199219341,15567736.667889936,9617.80125869879
2025-08-17,13.025530915896805,9.644869649699405,17.12236345159011,13.025530915896805,13.025530915896805,0.34010392744978873,0.34010392744978873,0.34010392744978873,0.34010392744978873,0.34010392744978873,0.34010392744978873,0.0,0.0,0.0,13.365634843346594,637706.404405255,27299076.04177543,15441.359815618793
2025-08-24,13.026367870550796,9.666589235441624,17.41109876702146,13.026367870550796,13.026367870550796,0.47594327049743235,0.47594327049743235,0.47594327049743235,0.47594327049743235,0.47594327049743235,0.47594327049743235,0.0,0.0,0.0,13.502311141048228,731103.1035053385,36437125.333403185,15780.430380463557
2025-08-31,13.027204825204787,9.700761866041773,17.090852573080937,13.027204825204787,13.027204825204787,0.19487810648015408,0.19487810648015408,0.19487810648015408,0.19487810648015408,0.19487810648015408,0.19487810648015408,0.0,0.0,0.0,13.222082931684941,552429.5105395778,26452270.010176238,16329.043765720346
2025-09-07,13.028041779858778,8.779362320623106,16.569393770135406,13.028041779858778,13.028041779858778,-0.38164239624347596,-0.38164239624347596,-0.38164239624347596,-0.38164239624347596,-0.38164239624347596,-0.38164239624347596,0.0,0.0,0.0,12.646399383615302,310641.9259970979,15703492.635777097,6497.731744550655
2025-09-14,13.02887873451277,8.411613363318601,15.760647960736874,13.02887873451277,13.02887873451277,-0.817039612167727,-0.817039612167727,-0.817039612167727,-0.817039612167727,-0.817039612167727,-0.817039612167727,0.0,0.0,0.0,12.211839122345042,201155.62698929608,6994591.865461628,4498.013202233323
2025-09-21,13.029715689166759,8.562438079212276,15.54893861547916,13.029715689166759,13.029715689166759,-0.8245410475372149,-0.8245410475372149,-0.8245410475372149,-0.8245410475372149,-0.8245410475372149,-0.8245410475372149,0.0,0.0,0.0,12.205174641629544,199819.4798368413,5660022.575645939,5230.42025366824
2025-09-28,13.03055264382075,8.980797120904267,16.088309806362492,13.03055264382075,13.03055264382075,-0.5770728801989005,-0.5770728801989005,-0.5770728801989005,-0.5770728801989005,-0.5770728801989005,-0.5770728801989005,0.0,0.0,0.0,12.45347976362185,256139.08059236006,9706532.819591083,7947.965877648584
2025-10-05,13.03138959847474,8.74307855630384,16.262258356604708,13.03138959847474,13.03138959847474,-0.483309022170872,-0.483309022170872,-0.483309022170872,-0.483309022170872,-0.483309022170872,-0.483309022170872,0.0,0.0,0.0,12.54808057630387,281553.29243734234,11550719.299778204,6266.159848636666
2025-10-12,13.032226553128732,8.705197549285758,16.079302670069016,13.032226553128732,13.032226553128732,-0.6965589509355034,-0.6965589509355034,-0.6965589509355034,-0.6965589509355034,-0.6965589509355034,-0.6965589509355034,0.0,0.0,0.0,12.335667602193228,227672.4403763143,9619497.305331403,6033.19387292029
2025-10-19,13.033063507782723,8.409236806509371,15.733718465705172,13.033063507782723,13.033063507782723,-0.9538213849277432,-0.9538213849277432,-0.9538213849277432,-0.9538213849277432,-0.9538213849277432,-0.9538213849277432,0.0,0.0,0.0,12.07924212285498,176175.58992660695,6808744.628955147,4487.333736977164
2025-10-26,13.033900462436714,8.405091038983333,15.686568307957092,13.033900462436714,13.033900462436714,-0.9333703074345995,-0.9333703074345995,-0.9333703074345995,-0.9333703074345995,-0.9333703074345995,-0.9333703074345995,0.0,0.0,0.0,12.100530155002115,179966.24750351423,6495162.025703261,4468.764666844498
2025-11-02,13.034737417090707,8.582109778546656,15.819798990859809,13.034737417090707,13.034737417090707,-0.6730093944913949,-0.6730093944913949,-0.6730093944913949,-0.6730093944913949,-0.6730093944913949,-0.6730093944913949,0.0,0.0,0.0,12.361728022599312,233683.6936355842,7420810.612199067,5334.350066500276
2025-11-09,13.035574371744698,8.891478292118823,16.18657353764266,13.035574371744698,13.035574371744698,-0.5189199445286787,-0.5189199445286787,-0.5189199445286787,-0.5189199445286787,-0.5189199445286787,-0.5189199445286787,0.0,0.0,0.0,12.516654427216018,272842.7121355109,10708768.440492505,7268.758069993988
2025-11-16,13.036411326398689,8.92513103952342,16.063810874941872,13.036411326398689,13.036411326398689,-0.6716091775274282,-0.6716091775274282,-0.6716091775274282,-0.6716091775274282,-0.6716091775274282,-0.6716091775274282,0.0,0.0,0.0,12.364802148871261,234403.17521364562,9471622.38974138,7517.568498065242
2025-11-23,13.03724828105268,8.647198405620411,15.811031210122268,13.03724828105268,13.03724828105268,-0.9093154256027142,-0.9093154256027142,-0.9093154256027142,-0.9093154256027142,-0.9093154256027142,-0.9093154256027142,0.0,0.0,0.0,12.127932855449966,184966.02694584618,7356030.964948951,5693.171607119064
2025-11-30,13.03808523570667,8.367364594432056,15.922268250922892,13.03808523570667,13.03808523570667,-0.8482562743965522,-0.8482562743965522,-0.8482562743965522,-0.8482562743965522,-0.8482562743965522,-0.8482562743965522,0.0,0.0,0.0,12.189828961310118,196776.5065948425,8221540.262056541,4303.2775850602275
2025-12-07,13.038922190360662,8.885203260646135,16.040575653622614,13.038922190360662,13.038922190360662,-0.41991485085509916,-0.41991485085509916,-0.41991485085509916,-0.41991485085509916,-0.41991485085509916,-0.41991485085509916,0.0,0.0,0.0,12.619007339505563,302248.265844263,9254084.185067939,7223.282937468904
2025-12-14,13.039759145014653,9.305210797593105,16.684623039556897,13.039759145014653,13.039759145014653,0.03188029514884383,0.03188029514884383,0.03188029514884383,0.03188029514884383,0.03188029514884383,0.03188029514884383,0.0,0.0,0.0,13.071639440163496,475269.52164910024,17621370.965721138,10994.16376739328
2025-12-21,13.040596099668644,9.760378405538185,16.935815968879055,13.040596099668644,13.040596099668644,0.15389991250263782,0.15389991250263782,0.15389991250263782,0.15389991250263782,0.15389991250263782,0.15389991250263782,0.0,0.0,0.0,13.194496012171282,537397.9450890024,22653296.15098612,17332.18940907153
2025-12-28,13.041433054322635,9.562442182245041,17.097706649336043,13.041433054322635,13.041433054322635,-0.020877912614451304,-0.020877912614451304,-0.020877912614451304,-0.020877912614451304,-0.020877912614451304,-0.020877912614451304,0.0,0.0,0.0,13.020555141708183,451600.368553537,26634198.656984568,14219.532959771956
2026-01-04,13.042270008976626,9.061182417956434,16.443160194328993,13.042270008976626,13.042270008976626,-0.17297008680324738,-0.17297008680324738,-0.17297008680324738,-0.17297008680324738,-0.17297008680324738,-0.17297008680324738,0.0,0.0,0.0,12.86929992217338,388208.3062190942,13841198.788666494,8613.330373412506
2026-01-11,13.043106963630617,9.185661851930965,16.394055242870095,13.043106963630617,13.043106963630617,-0.14035438824995514,-0.14035438824995514,-0.14035438824995514,-0.14035438824995514,-0.14035438824995514,-0.14035438824995514,0.0,0.0,0.0,12.902752575380662,401414.59872164705,13177945.133904329,9755.235050189793
2026-01-18,13.04394391828461,9.363414460835575,16.508968117997235,13.04394391828461,13.04394391828461,-0.11586475278222465,-0.11586475278222465,-0.11586475278222465,-0.11586475278222465,-0.11586475278222465,-0.11586475278222465,0.0,0.0,0.0,12.928079165502385,411710.9220759825,14782698.732438885,11653.11319739655
2026-01-25,13.0447808729386,8.896724120101519,16.346188261722332,13.0447808729386,13.0447808729386,-0.3336732687513915,-0.3336732687513915,-0.3336732687513915,-0.3336732687513915,-0.3336732687513915,-0.3336732687513915,0.0,0.0,0.0,12.711107604187209,331407.6894923784,12562015.57840731,7306.994172629589
2026-02-01,13.045617827592592,8.668938761656912,15.85375483823421,13.045617827592592,13.045617827592592,-0.6589670090858402,-0.6589670090858402,-0.6589670090858402,-0.6589670090858402,-0.6589670090858402,-0.6589670090858402,0.0,0.0,0.0,12.386650818506752,239580.95239842538,7677117.490988801,5818.320385504063
2026-02-08,13.046454782246583,8.708131754777437,15.899445544426257,13.046454782246583,13.046454782246583,-0.6498372581570618,-0.6498372581570618,-0.6498372581570618,-0.6498372581570618,-0.6498372581570618,-0.6498372581570618,0.0,0.0,0.0,12.396617524089521,241980.73427543553,8036027.443547032,6050.925439027641
2026-02-15,13.047291736900574,9.238464453080198,16.602378350584594,13.047291736900574,13.047291736900574,-0.07254286990360563,-0.07254286990360563,-0.07254286990360563,-0.07254286990360563,-0.07254286990360563,-0.07254286990360563,0.0,0.0,0.0,12.974748866996968,431380.81862452533,16230103.052386245,10284.232968102917
2026-02-22,13.048128691554565,10.191976104042757,17.044259324334178,13.048128691554565,13.048128691554565,0.7480117164595301,0.7480117164595301,0.7480117164595301,0.7480117164595301,0.7480117164595301,0.7480117164595301,0.0,0.0,0.0,13.796140408014095,980815.245958638,25248044.994486086,26687.18144924059
2026-03-01,13.048965646208554,10.521876176500793,18.09319859029723,13.048965646208554,13.048965646208554,1.2035841015050144,1.2035841015050144,1.2035841015050144,1.2035841015050144,1.2035841015050144,1.2035841015050144,0.0,0.0,0.0,14.25254974771357,1548115.746174691,72073614.36667225,37117.700436725616
2026-03-08,13.049802600862545,10.7627714391595,17.506992740325106,13.049802600862545,13.049802600862545,1.0209126024175312,1.0209126024175312,1.0209126024175312,1.0209126024175312,1.0209126024175312,1.0209126024175312,0.0,0.0,0.0,14.070715203280077,1290724.7348227447,40104243.73138149,47228.38017026807
2026-03-15,13.050639555516536,10.088040086302934,17.710363878120823,13.050639555516536,13.050639555516536,0.5194192079378497,0.5194192079378497,0.5194192079378497,0.5194192079378497,0.5194192079378497,0.5194192079378497,0.0,0.0,0.0,13.570058763454385,782349.9964987485,49148842.6892418,24052.60321888885
2026-03-22,13.051476510170527,9.679397173784242,16.988743015113013,13.051476510170527,13.051476510170527,0.22683767189659448,0.22683767189659448,0.22683767189659448,0.22683767189659448,0.22683767189659448,0.22683767189659448,0.0,0.0,0.0,13.278314182067122,584383.3518525173,23884564.543129563,15983.857930591783
2026-03-29,13.052313464824518,9.79073899701563,17.038071646553007,13.052313464824518,13.052313464824518,0.3211917332580233,0.3211917332580233,0.3211917332580233,0.3211917332580233,0.3211917332580233,0.3211917332580233,0.0,0.0,0.0,13.373505198082542,642745.1904027344,25092300.566356655,17866.505323113128
2026-04-05,13.05315041947851,10.006311908154336,17.366182515883505,13.05315041947851,13.05315041947851,0.537067547360704,0.537067547360704,0.537067547360704,0.537067547360704,0.537067547360704,0.537067547360704,0.0,0.0,0.0,13.590217966839214,798281.6141775318,34836717.4333274,22164.93451771486
2026-04-12,13.0539873741325,9.819170192130398,17.262590009215906,13.0539873741325,13.0539873741325,0.5826974640090542,0.5826974640090542,0.5826974640090542,0.5826974640090542,0.5826974640090542,0.5826974640090542,0.0,0.0,0.0,13.636684838141555,836250.6287799105,31408527.08967963,18381.790226304387
2026-04-19,13.054824328786493,9.953942561111626,17.138008488441127,13.054824328786493,13.054824328786493,0.5099825136142249,0.5099825136142249,0.5099825136142249,0.5099825136142249,0.5099825136142249,0.5099825136142249,0.0,0.0,0.0,13.564806842400717,778251.9216313673,27729529.558621008,21033.990851607137
2026-04-26,13.055661283440484,10.040853033379253,17.22032604451754,13.055661283440484,13.055661283440484,0.5914720192583011,0.5914720192583011,0.5914720192583011,0.5914720192583011,0.5914720192583011,0.5914720192583011,0.0,0.0,0.0,13.647133302698785,845033.9806477866,30108738.744010095,22943.947376857424
2026-05-03,13.056498238094475,10.177326069019646,17.876095396727226,13.056498238094475,13.056498238094475,0.9047678623397227,0.9047678623397227,0.9047678623397227,0.9047678623397227,0.9047678623397227,0.9047678623397227,0.0,0.0,0.0,13.961266100434198,1156912.3373027581,58008225.61992854,26299.048677499723
2026-05-10,13.057335192748466,10.760863568638579,17.706739667376503,13.057335192748466,13.057335192748466,1.178795702921271,1.178795702921271,1.178795702921271,1.178795702921271,1.178795702921271,1.178795702921271,0.0,0.0,0.0,14.236130895669737,1522904.9786581732,48971039.31494124,47138.35853024275
2026-05-17,13.058172147402457,10.414686619645433,17.61362765747635,13.058172147402457,13.058172147402457,1.0976760089914666,1.0976760089914666,1.0976760089914666,1.0976760089914666,1.0976760089914666,1.0976760089914666,0.0,0.0,0.0,14.155848156393924,1405420.9787357543,44617094.80137053,33344.783769398695
2026-05-24,13.059009102056448,9.942020509488048,17.332334225176464,13.059009102056448,13.059009102056448,0.6731721621782119,0.6731721621782119,0.6731721621782119,0.6731721621782119,0.6731721621782119,0.6731721621782119,0.0,0.0,0.0,13.73218126423466,920047.131251669,33677287.122770555,20784.699589173477
2026-05-31,13.05984605671044,9.584868316149842,17.100910829336396,13.05984605671044,13.05984605671044,0.22717305235563318,0.22717305235563318,0.22717305235563318,0.22717305235563318,0.22717305235563318,0.22717305235563318,0.0,0.0,0.0,13.287019109066073,589492.5804427417,26719676.29659094,14542.04739530895
2026-06-07,13.06068301136443,9.426133632463175,16.453400227077655,13.06068301136443,13.06068301136443,0.028508379878099146,0.028508379878099146,0.028508379878099146,0.028508379878099146,0.028508379878099146,0.028508379878099146,0.0,0.0,0.0,13.08919139124253,483685.08532724134,13983661.293277401,12407.458206205358
2026-06-14,13.061519966018421,9.136366862866952,16.7752155852699,13.061519966018421,13.061519966018421,0.04199795319629595,0.04199795319629595,0.04199795319629595,0.04199795319629595,0.04199795319629595,0.04199795319629595,0.0,0.0,0.0,13.103517919214717,490664.50359760167,19292279.22024312,9285.962955075476
2026-06-21,13.062356920672412,9.538624929789425,16.812596445293195,13.062356920672412,13.062356920672412,0.06354715531034699,0.06354715531034699,0.06354715531034699,0.06354715531034699,0.06354715531034699,0.06354715531034699,0.0,0.0,0.0,13.12590407598276,501772.487128109,20027089.606471207,13884.840485160812
2026-06-28,13.063193875326403,9.543941298632408,16.727142490449538,13.063193875326403,13.063193875326403,0.011159869739170474,0.011159869739170474,0.011159869739170474,0.011159869739170474,0.011159869739170474,0.011159869739170474,0.0,0.0,0.0,13.074353745065574,476561.3031071028,18386779.08017361,13958.859316240865
2026-07-05,13.064030829980396,9.372354593982761,16.779372186602114,13.064030829980396,13.064030829980396,-0.018015341203500273,-0.018015341203500273,-0.018015341203500273,-0.018015341203500273,-0.018015341203500273,-0.018015341203500273,0.0,0.0,0.0,13.046015488776895,463245.9169097776,19372636.428651262,11757.769645320057
2026-07-12,13.064867784634387,9.459838769846682,16.807850129704253,13.064867784634387,13.064867784634387,0.045271774098290224,0.045271774098290224,0.045271774098290224,0.045271774098290224,0.045271774098290224,0.045271774098290224,0.0,0.0,0.0,13.110139558732678,493924.2943552211,19932259.937914602,12832.815083108051
2026-07-19,13.065704739288378,9.049512895651166,16.760498926783367,13.065704739288378,13.065704739288378,0.10601754621450926,0.10601754621450926,0.10601754621450926,0.10601754621450926,0.10601754621450926,0.10601754621450926,0.0,0.0,0.0,13.171722285502888,525297.6754896764,19010440.27130097,8513.389518135777
2026-07-26,13.06654169394237,9.221299488983306,16.85486870822042,13.06654169394237,13.06654169394237,0.04985628140561996,0.04985628140561996,0.04985628140561996,0.04985628140561996,0.04985628140561996,0.04985628140561996,0.0,0.0,0.0,13.11639797534799,497025.17781319463,20891828.515333883,10109.19388101347
2026-08-02,13.06737864859636,9.204741497041656,16.687128358844102,13.06737864859636,13.06737864859636,-0.04639124753210738,-0.04639124753210738,-0.04639124753210738,-0.04639124753210738,-0.04639124753210738,-0.04639124753210738,0.0,0.0,0.0,13.020987401064254,451795.6196668287,17665573.47635489,9943.16769554942
2026-08-09,13.06821560325035,9.460339189351842,16.560390826108307,13.06821560325035,13.06821560325035,0.022680446475113036,0.022680446475113036,0.022680446475113036,0.022680446475113036,0.022680446475113036,0.022680446475113036,0.0,0.0,0.0,13.090896049725462,484510.3080773195,15562749.463631561,12839.238981689276
2026-08-16,13.06905255790434,9.89497612253392,17.06565180355678,13.06905255790434,13.06905255790434,0.28955947451438624,0.28955947451438624,0.28955947451438624,0.28955947451438624,0.28955947451438624,0.28955947451438624,0.0,0.0,0.0,13.358612032418726,633243.5949523973,25793981.946310423,19829.493793376118
2026-08-23,13.069889512558332,9.859813089892345,17.268591379595403,13.069889512558332,13.069889512558332,0.478328346572333,0.478328346572333,0.478328346572333,0.478328346572333,0.478328346572333,0.478328346572333,0.0,0.0,0.0,13.548217859130665,765447.9926458341,31597588.044786952,19144.310648925577
2026-08-30,13.070726467212323,9.434360321447773,17.428289669219463,13.070726467212323,13.070726467212323,0.2763272471474725,0.2763272471474725,0.2763272471474725,0.2763272471474725,0.2763272471474725,0.2763272471474725,0.0,0.0,0.0,13.347053714359795,625966.4890819986,37068927.47349756,12509.959778830751
2026-09-06,13.071563421866314,8.986467777945705,16.22000919704874,13.071563421866314,13.071563421866314,-0.2754043772860318,-0.2754043772860318,-0.2754043772860318,-0.2754043772860318,-0.2754043772860318,-0.2754043772860318,0.0,0.0,0.0,12.796159044580282,360827.85700335004,11072876.382357245,7993.169783766431
2026-09-13,13.072400376520305,8.36525839464479,15.89767583631031,13.072400376520305,13.072400376520305,-0.767979238102744,-0.767979238102744,-0.767979238102744,-0.767979238102744,-0.767979238102744,-0.767979238102744,0.0,0.0,0.0,12.304421138417561,220668.44535557486,8021818.5952559225,4294.221456881672
2026-09-20,13.073237331174296,8.667727060384145,16.003266940612505,13.073237331174296,13.073237331174296,-0.8526899187314813,-0.8526899187314813,-0.8526899187314813,-0.8526899187314813,-0.8526899187314813,-0.8526899187314813,0.0,0.0,0.0,12.220547412442814,202915.0067283555,8915187.387825266,5811.273377882571
2026-09-27,13.074074285828287,8.756135591285314,15.790033821993,13.074074285828287,13.074074285828287,-0.6210153309032083,-0.6210153309032083,-0.6210153309032083,-0.6210153309032083,-0.6210153309032083,-0.6210153309032083,0.0,0.0,0.0,12.453058954925078,256031.31729431168,7203183.817820188,6348.5269388028555
2026-10-04,13.074911240482278,8.79778037314791,16.33022617689379,13.074911240482278,13.074911240482278,-0.4758123993100433,-0.4758123993100433,-0.4758123993100433,-0.4758123993100433,-0.4758123993100433,-0.4758123993100433,0.0,0.0,0.0,12.599098841172234,296290.439308684,12363091.449681813,6618.534790662256
2026-10-11,13.07574819513627,8.951296171561228,16.23856182881276,13.07574819513627,13.07574819513627,-0.6438586115528772,-0.6438586115528772,-0.6438586115528772,-0.6438586115528772,-0.6438586115528772,-0.6438586115528772,0.0,0.0,0.0,12.431889583583393,250668.24085597874,11280224.881763907,7716.889088997489
2026-10-18,13.076585149790262,8.53231888624642,16.072075085021403,13.076585149790262,13.076585149790262,-0.9221517746330387,-0.9221517746330387,-0.9221517746330387,-0.9221517746330387,-0.9221517746330387,-0.9221517746330387,0.0,0.0,0.0,12.154433375157224,189933.2759329041,9550222.210599372,5075.203335496552
2026-10-25,13.077422104444253,8.618240767267881,15.630756512124439,13.077422104444253,13.077422104444253,-0.9616602200454811,-0.9616602200454811,-0.9616602200454811,-0.9616602200454811,-0.9616602200454811,-0.9616602200454811,0.0,0.0,0.0,12.115761884398772,182728.44302155997,6142585.786441338,5530.646375344182
2026-11-01,13.078259059098244,8.814079828963996,15.863831799368294,13.078259059098244,13.078259059098244,-0.7226987284084342,-0.7226987284084342,-0.7226987284084342,-0.7226987284084342,-0.7226987284084342,-0.7226987284084342,0.0,0.0,0.0,12.35556033068981,232246.83404978755,7754870.615296858,6727.313715863639
2026-11-08,13.079096013752235,9.198912505147176,16.47303760748968,13.079096013752235,13.079096013752235,-0.5243704988697323,-0.5243704988697323,-0.5243704988697323,-0.5243704988697323,-0.5243704988697323,-0.5243704988697323,0.0,0.0,0.0,12.554725514882502,283430.4332527262,14260977.762117844,9885.371832109257
2026-11-15,13.079932968406226,8.616763654790654,15.962155825372115,13.079932968406226,13.079932968406226,-0.6267512793657831,-0.6267512793657831,-0.6267512793657831,-0.6267512793657831,-0.6267512793657831,-0.6267512793657831,0.0,0.0,0.0,12.453181689040443,256062.74312275086,8556105.7469277,5522.481543135862
2026-11-22,13.080769923060217,8.705521408938322,15.893493151148608,13.080769923060217,13.080769923060217,-0.8795248446056059,-0.8795248446056059,-0.8795248446056059,-0.8795248446056059,-0.8795248446056059,-0.8795248446056059,0.0,0.0,0.0,12.201245078454612,199035.81337951633,7988335.922019786,6035.148421334081
2026-11-29,13.081606877714208,8.430741640541642,15.940535898766841,13.081606877714208,13.081606877714208,-0.890630924410106,-0.890630924410106,-0.890630924410106,-0.890630924410106,-0.890630924410106,-0.890630924410106,0.0,0.0,0.0,12.190975953304102,197002.33830832812,8373108.666757802,4584.899921381718
2026-12-06,13.082443832368199,8.935737397493522,16.20466533982042,13.082443832368199,13.082443832368199,-0.5112882703315635,-0.5112882703315635,-0.5112882703315635,-0.5112882703315635,-0.5112882703315635,-0.5112882703315635,0.0,0.0,0.0,12.571155562036635,288125.69109805825,10904272.55711612,7597.737526134683
2026-12-13,13.08328078702219,9.324782735453432,16.53618443649356,13.083250862248175,13.083294886007462,-0.03096045045732337,-0.03096045045732337,-0.03096045045732337,-0.03096045045732337,-0.03096045045732337,-0.03096045045732337,0.0,0.0,0.0,13.052320336564867,466175.844878427,15190554.385742094,11211.480143648627
2026-12-20,13.084117741676181,9.643988618345348,16.816833061858485,13.084043784583123,13.084163278221517,0.1607044342087496,0.1607044342087496,0.1607044342087496,0.1607044342087496,0.1607044342087496,0.1607044342087496,0.0,0.0,0.0,13.24482217588493,565135.2750841207,20112116.696699962,15427.760603986186
2026-12-27,13.084954696330174,9.3337247932929,16.61553588485115,13.084813880153636,13.085053022790342,0.018430883319406833,0.018430883319406833,0.018430883319406833,0.018430883319406833,0.018430883319406833,0.018430883319406833,0.0,0.0,0.0,13.103385579649581,490599.573434738,16445062.26807977,11312.192405972613
2027-01-03,13.085791650984161,9.076342449458794,16.578223839384176,13.08555907429699,13.085961377626312,-0.15968877129800962,-0.15968877129800962,-0.15968877129800962,-0.15968877129800962,-0.15968877129800962,-0.15968877129800962,0.0,0.0,0.0,12.926102879686152,410898.0651274034,15842769.579605816,8744.918815508727
2027-01-10,13.086628605638154,9.076298322453127,16.65464093415201,13.086267007061691,13.086837412395894,-0.1545691904796025,-0.1545691904796025,-0.1545691904796025,-0.1545691904796025,-0.1545691904796025,-0.1545691904796025,0.0,0.0,0.0,12.932059415158552,413352.9038933048,17100886.729854994,8744.532892814459
2027-01-17,13.087465560292145,9.53148290883376,16.598497239107992,13.087012973288838,13.087769894061456,-0.10595130050751025,-0.10595130050751025,-0.10595130050751025,-0.10595130050751025,-0.10595130050751025,-0.10595130050751025,0.0,0.0,0.0,12.981514259784635,434309.1806592892,16167234.288538663,13786.020827514541
2027-01-24,13.088302514946136,9.21668369373205,16.56371439607691,13.087751357970603,13.088753367748795,-0.27690247400738677,-0.27690247400738677,-0.27690247400738677,-0.27690247400738677,-0.27690247400738677,-0.27690247400738677,0.0,0.0,0.0,12.81140004093875,366369.3701211049,15614559.402989078,10062.634832290085
2027-01-31,13.089139469600127,8.650711580217381,16.153907179321564,13.088485291901838,13.089731186538188,-0.6119835568380276,-0.6119835568380276,-0.6119835568380276,-0.6119835568380276,-0.6119835568380276,-0.6119835568380276,0.0,0.0,0.0,12.4771559127621,262275.85223518754,10364603.846774418,5713.211407206688
2027-02-07,13.089976424254118,8.85083462720873,16.260164317308654,13.089201902440681,13.090656049883359,-0.6932254744444578,-0.6932254744444578,-0.6932254744444578,-0.6932254744444578,-0.6932254744444578,-0.6932254744444578,0.0,0.0,0.0,12.396750949809661,242013.02301661833,11526556.944862407,6979.212414769167
2027-02-14,13.09081337890811,9.206723418893839,16.57845277682689,13.089942379473,13.091670576448058,-0.20985371814204615,-0.20985371814204615,-0.20985371814204615,-0.20985371814204615,-0.20985371814204615,-0.20985371814204615,0.0,0.0,0.0,12.880959660766063,392761.2165405734,15846396.998197934,9962.89580213208
2027-02-21,13.0916503335621,10.197367013085698,17.46030506999444,13.090658173619923,13.092646774692613,0.6117210328980468,0.6117210328980468,0.6117210328980468,0.6117210328980468,0.6117210328980468,0.6117210328980468,0.0,0.0,0.0,13.703371366460146,893918.8227957268,38274906.01048064,26831.443510402678
2027-02-28,13.092487288216091,10.622025007606752,17.747903977869708,13.091348837586652,13.093659974851406,1.1693342566872746,1.1693342566872746,1.1693342566872746,1.1693342566872746,1.1693342566872746,1.1693342566872746,0.0,0.0,0.0,14.261821544903366,1562536.3196811017,51028964.36854082,41027.61411906258
2027-03-07,13.093324242870082,10.461727748858825,18.012822100171412,13.09205573975019,13.094637242392759,1.0924388776170395,1.0924388776170395,1.0924388776170395,1.0924388776170395,1.0924388776170395,1.0924388776170395,0.0,0.0,0.0,14.185763120487122,1448099.304347829,66507287.436643586,34950.88739279085
2027-03-14,13.094161197524073,10.004293840805413,17.1280551128335,13.092811372876168,13.095648445081887,0.6067909874645693,0.6067909874645693,0.6067909874645693,0.6067909874645693,0.6067909874645693,0.6067909874645693,0.0,0.0,0.0,13.700952184988642,891758.8822209281,27454896.15756213,22120.247275105008
2027-03-21,13.094998152178064,9.618394604580287,17.220755382094133,13.093568583154644,13.096667418269371,0.24875275237442457,0.24875275237442457,0.24875275237442457,0.24875275237442457,0.24875275237442457,0.24875275237442457,0.0,0.0,0.0,13.343750904552488,623902.447963935,30121668.33274654,15037.887187600525
2027-03-28,13.095835106832057,9.30866065381468,16.942826793043697,13.094205199860744,13.09765280574918,0.28432567585899965,0.28432567585899965,0.28432567585899965,0.28432567585899965,0.28432567585899965,0.28432567585899965,0.0,0.0,0.0,13.380160782691057,647037.3094917146,22812672.460903224,11032.161006343696
2027-04-04,13.096672061486048,9.767525779216493,17.0717808892914,13.094899787081685,13.098618795754135,0.5061018784604217,0.5061018784604217,0.5061018784604217,0.5061018784604217,0.5061018784604217,0.5061018784604217,0.0,0.0,0.0,13.60277393994647,808368.0190152166,25952560.954968385,17456.51998005564
2027-04-11,13.09750901614004,10.100979136954743,17.65133839630344,13.095556730626338,13.099613221207562,0.5897511946162212,0.5897511946162212,0.5897511946162212,0.5897511946162212,0.5897511946162212,0.5897511946162212,0.0,0.0,0.0,13.68726021075626,879632.1378772572,46331766.00942424,24365.85623726817
2027-04-18,13.09834597079403,10.18510317048261,17.30564371521233,13.096158473810867,13.10064194284311,0.5192726708890603,0.5192726708890603,0.5192726708890603,0.5192726708890603,0.5192726708890603,0.5192726708890603,0.0,0.0,0.0,13.61761864168309,820457.5265543533,32790312.683477663,26504.38424737915
2027-04-25,13.099182925448021,9.967137659947335,17.461148585279187,13.096845810738143,13.101680661616278,0.5570730513574531,0.5570730513574531,0.5570730513574531,0.5570730513574531,0.5570730513574531,0.5570730513574531,0.0,0.0,0.0,13.656255976805474,852778.2298072821,38307205.10003897,21313.388923653732
2027-05-02,13.100019880102012,10.216903489392196,17.329425820751588,13.097525274886934,13.102679847118102,0.8406586392842319,0.8406586392842319,0.8406586392842319,0.8406586392842319,0.8406586392842319,0.8406586392842319,0.0,0.0,0.0,13.940678519386244,1133337.7942768494,33579482.24598747,27360.80903886426
2027-05-09,13.100856834756003,10.837403358971338,18.048808200162252,13.098233713396517,13.103673644376807,1.1496656612404257,1.1496656612404257,1.1496656612404257,1.1496656612404257,1.1496656612404257,1.1496656612404257,0.0,0.0,0.0,14.250522495996428,1544980.5028801048,68944210.06027912,50888.06563705648
2027-05-16,13.101693789409994,10.685362081510924,17.84094880750765,13.098789547258017,13.104629883688835,1.1432102277561509,1.1432102277561509,1.1432102277561509,1.1432102277561509,1.1432102277561509,1.1432102277561509,0.0,0.0,0.0,14.244904017166146,1536324.39685803,56004846.50305477,43710.30667112776
2027-05-23,13.102530744063985,10.15351861046455,17.687139150538613,13.099416480799846,13.10569230848693,0.7615347710998063,0.7615347710998063,0.7615347710998063,0.7615347710998063,0.7615347710998063,0.7615347710998063,0.0,0.0,0.0,13.86406551516379,1049752.0617235294,48020527.3084409,25680.305929530274
2027-05-30,13.103367698717975,9.88628774812178,16.810566293802328,13.100057239697229,13.10677226980903,0.29286574365722423,0.29286574365722423,0.29286574365722423,0.29286574365722423,0.29286574365722423,0.29286574365722423,0.0,0.0,0.0,13.396233442375198,657520.9604335306,19986472.821682062,19657.945356198194
2027-06-06,13.104204653371967,9.483921319803658,16.82771128054093,13.100647733671408,13.10787369594278,0.04346082445907179,0.04346082445907179,0.04346082445907179,0.04346082445907179,0.04346082445907179,0.04346082445907179,0.0,0.0,0.0,13.147665477831039,512811.4577260426,20332095.028100144,13145.637740813463
2027-06-13,13.105041608025957,9.752851417997844,16.800388080139687,13.101326991254302,13.109031653156807,0.033314863650364686,0.033314863650364686,0.033314863650364686,0.033314863650364686,0.033314863650364686,0.033314863650364686,0.0,0.0,0.0,13.138356471676321,508059.8341610008,19784077.977021027,17202.212489341557
2027-06-20,13.105878562679948,9.417822015222717,16.899480450134497,13.102039392635737,13.110019815232373,0.06576330973303446,0.06576330973303446,0.06576330973303446,0.06576330973303446,0.06576330973303446,0.06576330973303446,0.0,0.0,0.0,13.171641872412982,525255.4362983715,21844951.591307715,12304.751272685246
2027-06-27,13.106715517333939,9.541696581012017,16.70310569079664,13.102704907858088,13.111078204693802,0.022732621088659602,0.022732621088659602,0.022732621088659602,0.022732621088659602,0.022732621088659602,0.022732621088659602,0.0,0.0,0.0,13.129448138422598,503553.9586556477,17950089.07149649,13927.55851792537
2027-07-04,13.107552471987931,9.390659420323072,16.722657615534466,13.103302850313096,13.112205311090985,-0.019710373005732473,-0.019710373005732473,-0.019710373005732473,-0.019710373005732473,-0.019710373005732473,-0.019710373005732473,0.0,0.0,0.0,13.087842098982199,483032.8915348458,18304501.312084097,11974.993942823454
2027-07-11,13.108389426641923,9.371121413705279,17.074945396879464,13.103983567859318,13.113336088260235,0.02966966413088559,0.02966966413088559,0.02966966413088559,0.02966966413088559,0.02966966413088559,0.02966966413088559,0.0,0.0,0.0,13.138059090772808,507908.7690341537,26034818.117267385,11743.277899809867
2027-07-18,13.109226381295914,9.764462991324754,16.7922678099968,13.10466428540554,13.114373183391866,0.10218918174904154,0.10218918174904154,0.10218918174904154,0.10218918174904154,0.10218918174904154,0.10218918174904154,0.0,0.0,0.0,13.211415563044955,546567.8504645393,19624076.41833078,17403.13309732365
2027-07-25,13.110063335949905,9.688055554311974,16.935805950130927,13.105267679592973,13.115408068542653,0.06808170794827306,0.06808170794827306,0.06808170794827306,0.06808170794827306,0.06808170794827306,0.06808170794827306,0.0,0.0,0.0,13.178145043898178,528682.3999659884,22653069.194444604,16122.861819120079
2027-08-01,13.110900290603896,9.276865786803343,16.77735700046944,13.105907394739699,13.11646948527274,-0.03582625114936772,-0.03582625114936772,-0.03582625114936772,-0.03582625114936772,-0.03582625114936772,-0.03582625114936772,0.0,0.0,0.0,13.075074039454528,476904.6919156871,19333636.267841566,10686.881267955177
2027-08-08,13.111737245257887,9.614002202884151,16.80661806083687,13.106519760256194,13.117558186104178,-0.007588350641280609,-0.007588350641280609,-0.007588350641280609,-0.007588350641280609,-0.007588350641280609,-0.007588350641280609,0.0,0.0,0.0,13.104148894616605,490974.1991557916,19907717.142068405,14971.975215908846
2027-08-15,13.112574199911878,9.521605090913262,16.957070108910546,13.107163337236175,13.118674093633986,0.23667461955386276,0.23667461955386276,0.23667461955386276,0.23667461955386276,0.23667461955386276,0.23667461955386276,0.0,0.0,0.0,13.34924881946574,627342.0627254541,23139925.627358686,13650.505545619144
2027-08-22,13.113411154565869,9.84507371762926,17.308575354558894,13.10794552760964,13.119834899968918,0.46718487088948957,0.46718487088948957,0.46718487088948957,0.46718487088948957,0.46718487088948957,0.46718487088948957,0.0,0.0,0.0,13.580596025455359,790637.4206232984,32886583.103384018,18864.190258839375
2027-08-29,13.11424810921986,9.909851975152083,17.24956003916002,13.108505668783762,13.120866491361465,0.3454880287177388,0.3454880287177388,0.3454880287177388,0.3454880287177388,0.3454880287177388,0.3454880287177388,0.0,0.0,0.0,13.459736137937599,700629.6506538183,31001929.63814486,20126.694371762158
2027-09-05,13.11508506387385,9.557609013192852,16.587305136427755,13.109152467354331,13.121902104972039,-0.16710728025592617,-0.16710728025592617,-0.16710728025592617,-0.16710728025592617,-0.16710728025592617,-0.16710728025592617,0.0,0.0,0.0,12.947977783617924,419985.4734283406,15987297.743558591,14150.968545137885
2027-09-12,13.115922018527842,8.751570174537214,16.34278123216173,13.1098169436423,13.12286028760104,-0.7045646102359325,-0.7045646102359325,-0.7045646102359325,-0.7045646102359325,-0.7045646102359325,-0.7045646102359325,0.0,0.0,0.0,12.41135740829191,245573.9336330801,12519289.242858086,6319.604773278814
2027-09-19,13.116758973181835,8.428900522136564,16.07366613424935,13.110387363456697,13.124025225593247,-0.8697955679425181,-0.8697955679425181,-0.8697955679425181,-0.8697955679425181,-0.8697955679425181,-0.8697955679425181,0.0,0.0,0.0,12.246963405239317,208346.65990693078,9565429.180175968,4576.464504316227
2027-09-26,13.117595927835826,8.752057322082246,16.29718095904441,13.1108358759311,13.12520907825554,-0.6682678311693575,-0.6682678311693575,-0.6682678311693575,-0.6682678311693575,-0.6682678311693575,-0.6682678311693575,0.0,0.0,0.0,12.449328096666468,255077.87669067373,11961226.787606198,6322.684590479021
